과목,문항,유형,비고
과목1,2,MISCITE_from교재,
과목1,3,MISCITE_from교재,
과목1,5,MISCITE_from교재,
과목1,9,MISCITE_from교재,
과목1,10,MISCITE_from교재,
과목1,11,MISCITE_from교재,
과목1,12,MISCITE_from교재,
과목1,14,MISCITE_from교재,
과목1,15,MISCITE_from교재,
과목1,16,MISCITE_from교재,
과목1,17,MISCITE_from교재,
과목1,18,QUOTE_NOTFOUND,
과목1,19,MISCITE_from교재,
과목1,20,MISCITE_from교재,
과목1,22,NO_CITE,
과목1,23,MISCITE_from교재,
과목1,24,MISCITE_from교재,
과목1,25,MISCITE_from교재,
과목1,27,MISCITE_from교재,
과목1,28,MISCITE_from교재,
과목1,31,QUOTE_NOTFOUND,
과목1,32,MISCITE_from교재,
과목1,33,LINE_DRIFT,
과목1,35,LINE_DRIFT,
과목1,36,MISCITE_from교재,
과목1,38,MISCITE_from교재,
과목1,40,QUOTE_NOTFOUND,
과목1,41,MISCITE_from교재,
과목1,43,QUOTE_NOTFOUND,
과목1,44,MISCITE_from교재,
과목1,45,QUOTE_NOTFOUND,
과목1,46,QUOTE_NOTFOUND,
과목1,47,NO_CITE,
과목1,48,MISCITE_from교재,
과목1,49,MISCITE_from교재,
과목1,50,MISCITE_from교재,
과목1,54,MISCITE_from교재,
과목1,56,MISCITE_from교재,
과목1,58,MISCITE_from교재,
과목1,59,QUOTE_NOTFOUND,
과목1,62,MISCITE_from교재,
과목1,63,LINE_DRIFT,
과목1,64,MISCITE_from교재,
과목1,65,MISCITE_from교재,
과목1,70,MISCITE_from교재,
과목1,71,MISCITE_from교재,
과목1,75,QUOTE_NOTFOUND,
과목1,77,MISCITE_from교재,
과목1,81,MISCITE_from교재,
과목1,83,MISCITE_from교재,
과목1,84,MISCITE_from교재,
과목1,87,QUOTE_NOTFOUND,
과목1,89,MISCITE_from교재,
과목1,92,MISCITE_from교재,
과목1,93,MISCITE_from교재,
과목1,95,MISCITE_from교재,
과목1,96,MISCITE_from교재,
과목1,100,LINE_DRIFT,
과목2,5,MISCITE_from교재,
과목2,8,MISCITE_from교재,
과목2,9,MISCITE_from교재,
과목2,12,MISCITE_from교재,
과목2,15,MISCITE_from교재,
과목2,21,MISCITE_from교재,
과목2,22,MISCITE_from교재,
과목2,23,LINE_DRIFT,
과목2,25,MISCITE_from교재,
과목2,28,MISCITE_from교재,
과목2,33,MISCITE_from교재,
과목2,37,MISCITE_from교재,
과목2,38,MISCITE_from교재,
과목2,43,MISCITE_from교재,
과목2,49,QUOTE_NOTFOUND,
과목2,51,MISCITE_from교재,
과목2,53,MISCITE_from교재,
과목2,55,MISCITE_from교재,
과목2,62,QUOTE_NOTFOUND,
과목2,63,MISCITE_from교재,
과목2,66,QUOTE_NOTFOUND,
과목2,68,MISCITE_from교재,
과목2,70,MISCITE_from교재,
과목2,73,MISCITE_from교재,
과목2,74,MISCITE_from교재,
과목2,75,MISCITE_from교재,
과목2,77,MISCITE_from교재,
과목2,78,QUOTE_NOTFOUND,
과목2,84,MISCITE_from교재,
과목2,86,LINE_DRIFT,
과목2,87,MISCITE_from교재,
과목2,93,MISCITE_from교재,
과목2,96,MISCITE_from교재,
과목2,100,MISCITE_from교재,
과목2,101,QUOTE_NOTFOUND,
과목2,104,MISCITE_from교재,
과목2,108,MISCITE_from교재,
과목2,109,MISCITE_from교재,
과목2,111,MISCITE_from교재,
과목2,115,QUOTE_NOTFOUND,
과목2,116,MISCITE_from교재,
과목2,125,QUOTE_NOTFOUND,
과목2,131,MISCITE_from교재,
과목2,135,MISCITE_from교재,
과목2,141,MISCITE_from교재,
과목2,143,MISCITE_from교재,
과목2,144,MISCITE_from교재,
과목2,146,MISCITE_from교재,
과목2,148,MISCITE_from교재,
과목2,151,MISCITE_from교재,
과목2,152,QUOTE_NOTFOUND,
과목2,154,QUOTE_NOTFOUND,
과목2,157,MISCITE_from교재,
과목2,159,LINE_DRIFT,
과목2,160,MISCITE_from교재,
과목2,162,MISCITE_from교재,
과목2,165,MISCITE_from교재,
과목2,166,MISCITE_from교재,
과목2,169,MISCITE_from교재,
과목2,170,MISCITE_from교재,
과목2,172,MISCITE_from교재,
과목2,173,MISCITE_from교재,
과목2,176,MISCITE_from교재,
과목2,178,MISCITE_from교재,
과목2,179,MISCITE_from교재,
과목2,181,QUOTE_NOTFOUND,
과목2,186,MISCITE_from교재,
과목2,188,MISCITE_from교재,
과목2,189,MISCITE_from교재,
과목2,191,MISCITE_from교재,
과목2,193,MISCITE_from교재,
과목2,196,MISCITE_from교재,
과목2,197,MISCITE_from교재,
과목2,198,QUOTE_NOTFOUND,
과목2,199,QUOTE_NOTFOUND,
과목2,202,MISCITE_from교재,
과목2,203,MISCITE_from교재,
과목2,206,MISCITE_from교재,
과목2,209,QUOTE_NOTFOUND,
과목2,214,MISCITE_from교재,
과목2,217,MISCITE_from교재,
과목2,219,MISCITE_from교재,
과목2,220,QUOTE_NOTFOUND,
과목2,221,MISCITE_from교재,
과목2,223,MISCITE_from교재,
과목2,226,QUOTE_NOTFOUND,
과목2,227,MISCITE_from교재,
과목2,229,QUOTE_NOTFOUND,
과목2,230,MISCITE_from교재,
과목2,232,MISCITE_from교재,
과목2,233,MISCITE_from교재,
과목2,236,MISCITE_from교재,
과목2,239,QUOTE_NOTFOUND,
과목2,242,MISCITE_from교재,
과목2,248,MISCITE_from교재,
과목2,250,QUOTE_NOTFOUND,
과목3,7,QUOTE_NOTFOUND,
과목3,8,QUOTE_NOTFOUND,
과목3,9,MISCITE_from교재,
과목3,10,MISCITE_from교재,
과목3,11,MISCITE_from교재,
과목3,12,QUOTE_NOTFOUND,
과목3,13,QUOTE_NOTFOUND,
과목3,17,QUOTE_NOTFOUND,
과목3,21,QUOTE_NOTFOUND,
과목3,23,MISCITE_from교재,
과목3,30,MISCITE_from교재,
과목3,31,MISCITE_from교재,
과목3,35,MISCITE_from교재,
과목3,37,LINE_DRIFT,
과목3,43,MISCITE_from교재,
과목3,52,QUOTE_NOTFOUND,
과목3,55,MISCITE_from교재,
과목3,58,MISCITE_from교재,
과목3,63,MISCITE_from교재,
과목3,65,MISCITE_from교재,
과목3,66,QUOTE_NOTFOUND,
과목3,68,QUOTE_NOTFOUND,
과목3,74,MISCITE_from교재,
과목3,79,QUOTE_NOTFOUND,
과목3,82,QUOTE_NOTFOUND,
과목3,84,MISCITE_from교재,
과목3,88,MISCITE_from교재,
과목3,90,MISCITE_from교재,
과목3,95,MISCITE_from교재,
과목3,98,MISCITE_from교재,
과목3,100,MISCITE_from교재,
과목3,102,QUOTE_NOTFOUND,
과목3,103,MISCITE_from교재,
과목3,108,MISCITE_from교재,
과목3,110,MISCITE_from교재,
과목3,117,MISCITE_from교재,
과목3,129,MISCITE_from교재,
과목3,136,MISCITE_from교재,
과목3,147,MISCITE_from교재,
과목3,150,MISCITE_from교재,
과목3,158,MISCITE_from교재,
과목3,168,MISCITE_from교재,
과목3,170,MISCITE_from교재,
과목3,171,QUOTE_NOTFOUND,
과목3,175,MISCITE_from교재,
과목3,176,MISCITE_from교재,
과목3,179,QUOTE_NOTFOUND,
과목3,181,MISCITE_from교재,
과목3,183,MISCITE_from교재,
과목3,186,MISCITE_from교재,
과목3,189,MISCITE_from교재,
과목3,198,MISCITE_from교재,
과목3,199,QUOTE_NOTFOUND,
과목3,203,MISCITE_from교재,
과목3,204,MISCITE_from교재,
과목3,206,MISCITE_from교재,
과목3,208,MISCITE_from교재,
과목3,209,MISCITE_from교재,
과목3,210,MISCITE_from교재,
과목3,211,QUOTE_NOTFOUND,
과목3,213,MISCITE_from교재,
과목3,215,MISCITE_from교재,
과목3,216,MISCITE_from교재,
과목3,217,MISCITE_from교재,
과목3,219,MISCITE_from교재,
과목3,225,QUOTE_NOTFOUND,
과목3,233,QUOTE_NOTFOUND,
과목3,234,MISCITE_from교재,
과목3,241,MISCITE_from교재,
과목3,242,MISCITE_from교재,
과목4,9,QUOTE_NOTFOUND,
과목4,10,MISCITE_from교재,
과목4,12,MISCITE_from교재,
과목4,17,MISCITE_from교재,
과목4,20,MISCITE_from교재,
과목4,21,MISCITE_from교재,
과목4,28,MISCITE_from교재,
과목4,30,MISCITE_from교재,
과목4,32,MISCITE_from교재,
과목4,34,LINE_DRIFT,
과목4,41,QUOTE_NOTFOUND,
과목4,43,MISCITE_from교재,
과목4,44,MISCITE_from교재,
과목4,49,MISCITE_from교재,
과목4,52,MISCITE_from교재,
과목4,53,MISCITE_from교재,
과목4,55,MISCITE_from교재,
과목4,56,MISCITE_from교재,
과목4,60,LINE_DRIFT,
과목4,63,MISCITE_from교재,
과목4,66,NO_CITE,
과목4,69,MISCITE_from교재,
과목4,73,MISCITE_from교재,
과목4,75,MISCITE_from교재,
과목4,76,QUOTE_NOTFOUND,
과목4,79,MISCITE_from교재,
과목4,82,MISCITE_from교재,
과목4,84,MISCITE_from교재,
과목4,85,MISCITE_from교재,
과목4,87,MISCITE_from교재,
과목4,91,QUOTE_NOTFOUND,
과목4,92,QUOTE_NOTFOUND,
과목4,102,LINE_DRIFT,
과목4,106,QUOTE_NOTFOUND,
과목4,108,MISCITE_from교재,
과목4,109,MISCITE_from교재,
과목4,110,MISCITE_from교재,
과목4,111,MISCITE_from교재,
과목4,114,MISCITE_from교재,
과목4,117,MISCITE_from교재,
과목4,121,MISCITE_from교재,
과목4,125,QUOTE_NOTFOUND,
과목4,129,MISCITE_from교재,
과목4,131,QUOTE_NOTFOUND,
과목4,132,MISCITE_from교재,
과목4,133,MISCITE_from교재,
과목4,134,MISCITE_from교재,
과목4,141,MISCITE_from교재,
과목4,142,QUOTE_NOTFOUND,
과목4,146,QUOTE_NOTFOUND,
과목4,147,MISCITE_from교재,
과목4,153,MISCITE_from교재,
과목4,159,MISCITE_from교재,
과목4,161,MISCITE_from교재,
과목4,162,MISCITE_from교재,
과목4,165,MISCITE_from교재,
과목4,167,MISCITE_from교재,
과목4,168,QUOTE_NOTFOUND,
과목4,173,MISCITE_from교재,
과목4,174,MISCITE_from교재,
과목4,175,MISCITE_from교재,
과목4,177,MISCITE_from교재,
과목4,178,MISCITE_from교재,
과목4,181,MISCITE_from교재,
과목4,182,MISCITE_from교재,
과목4,184,QUOTE_NOTFOUND,
과목4,186,QUOTE_NOTFOUND,
과목4,190,MISCITE_from교재,
과목4,192,QUOTE_NOTFOUND,
과목4,193,MISCITE_from교재,
과목4,201,QUOTE_NOTFOUND,
과목4,203,QUOTE_NOTFOUND,
과목4,204,QUOTE_NOTFOUND,
과목4,207,MISCITE_from교재,
과목4,211,QUOTE_NOTFOUND,
과목4,212,LINE_DRIFT,
과목4,213,MISCITE_from교재,
과목4,214,MISCITE_from교재,
과목4,216,MISCITE_from교재,
과목4,220,MISCITE_from교재,
과목4,222,MISCITE_from교재,
과목4,223,MISCITE_from교재,
과목4,224,MISCITE_from교재,
과목4,226,MISCITE_from교재,
과목4,227,MISCITE_from교재,
과목4,229,MISCITE_from교재,
과목4,231,MISCITE_from교재,
과목4,237,MISCITE_from교재,
과목4,239,MISCITE_from교재,
과목4,244,MISCITE_from교재,
과목4,248,MISCITE_from교재,
과목4,249,QUOTE_NOTFOUND,
과목4,255,MISCITE_from교재,
과목4,256,MISCITE_from교재,
과목4,261,MISCITE_from교재,
과목4,262,MISCITE_from교재,
과목4,267,MISCITE_from교재,
과목4,270,MISCITE_from교재,
과목4,273,MISCITE_from교재,
과목4,274,MISCITE_from교재,
과목4,276,MISCITE_from교재,
과목4,277,LINE_DRIFT,
과목4,278,LINE_DRIFT,
과목4,279,LINE_DRIFT,
과목4,280,QUOTE_NOTFOUND,
과목4,281,LINE_DRIFT,
과목4,286,MISCITE_from교재,
과목4,287,MISCITE_from교재,
과목4,288,MISCITE_from교재,
과목4,289,MISCITE_from교재,
과목4,293,QUOTE_NOTFOUND,
과목4,294,MISCITE_from교재,
과목4,296,MISCITE_from교재,
과목4,297,LINE_DRIFT,
과목4,298,MISCITE_from교재,
과목4,300,QUOTE_NOTFOUND,
과목4,303,MISCITE_from교재,
과목4,304,MISCITE_from교재,
과목4,305,MISCITE_from교재,
과목4,306,MISCITE_from교재,
과목4,308,MISCITE_from교재,
과목4,309,MISCITE_from교재,
과목4,310,QUOTE_NOTFOUND,
과목4,311,MISCITE_from교재,
과목4,312,MISCITE_from교재,
과목4,315,MISCITE_from교재,
과목4,316,MISCITE_from교재,
과목4,321,MISCITE_from교재,
과목4,323,MISCITE_from교재,
과목4,325,MISCITE_from교재,
과목4,326,MISCITE_from교재,
과목4,327,MISCITE_from교재,
과목4,328,QUOTE_NOTFOUND,
과목4,330,MISCITE_from교재,
과목4,331,MISCITE_from교재,
과목4,334,QUOTE_NOTFOUND,
과목4,339,QUOTE_NOTFOUND,
과목4,341,LINE_DRIFT,
과목4,342,MISCITE_from교재,
과목4,343,LINE_DRIFT,
과목4,345,MISCITE_from교재,
과목4,346,MISCITE_from교재,
과목4,348,MISCITE_from교재,
과목4,351,MISCITE_from교재,
과목4,352,MISCITE_from교재,
과목4,355,QUOTE_NOTFOUND,
과목4,359,MISCITE_from교재,
과목4,364,MISCITE_from교재,
과목4,365,QUOTE_NOTFOUND,
과목4,366,MISCITE_from교재,
과목4,367,MISCITE_from교재,
과목4,369,MISCITE_from교재,
과목4,370,MISCITE_from교재,
과목4,371,MISCITE_from교재,
과목4,372,MISCITE_from교재,
과목4,375,MISCITE_from교재,
과목4,381,LINE_DRIFT,
과목4,383,MISCITE_from교재,
과목4,386,MISCITE_from교재,
과목4,390,MISCITE_from교재,
과목4,395,QUOTE_NOTFOUND,
과목4,398,MISCITE_from교재,
과목4,399,MISCITE_from교재,
과목4,400,QUOTE_NOTFOUND,
