과목,문항,인용파일,인용줄,판정,실제/추정줄,오프셋,비고,심각도
과목1,1,화장품법(법률)(제20901호)(20260402).md,213,EXACT,213,0,,정상
과목1,2,1과목_화장품법의이해_표준형.md,1241,EXACT,1241,0,,정상
과목1,3,1과목_화장품법의이해_표준형.md,691,EXACT,691,0,,정상
과목1,4,화장품법 시행규칙(총리령)(제02109호)(20260402).md,1007,EXACT,1007,0,,정상
과목1,5,1과목_화장품법의이해_표준형.md,1853,EXACT,1853,0,,정상
과목1,6,화장품법 시행규칙(총리령)(제02109호)(20260402).md,831,EXACT,831,0,,정상
과목1,7,1과목_화장품법의이해_표준형.md,548,EXACT,548,0,,정상
과목1,8,1과목_화장품법의이해_표준형.md,549,EXACT,549,0,,정상
과목1,9,1과목_화장품법의이해_표준형.md,718,EXACT,718,0,,정상
과목1,10,1과목_화장품법의이해_표준형.md,927,EXACT,927,0,,정상
과목1,11,1과목_화장품법의이해_표준형.md,1836,EXACT,1836,0,,정상
과목1,12,1과목_화장품법의이해_표준형.md,693,EXACT,693,0,,정상
과목1,13,1과목_화장품법의이해_표준형.md,1174,EXACT,1174,0,,정상
과목1,14,1과목_화장품법의이해_표준형.md,1243,EXACT,1243,0,,정상
과목1,15,1과목_화장품법의이해_표준형.md,1242,EXACT,1242,0,,정상
과목1,16,1과목_화장품법의이해_표준형.md,1242,EXACT,1242,0,,정상
과목1,17,1과목_화장품법의이해_표준형.md,927,EXACT,927,0,,정상
과목1,18,1과목_화장품법의이해_표준형.md,466,EXACT,466,0,,정상
과목1,19,1과목_화장품법의이해_표준형.md,693,EXACT,693,0,,정상
과목1,20,1과목_화장품법의이해_표준형.md,1241,EXACT,1241,0,,정상
과목1,21,화장품법(법률)(제20901호)(20260402).md,1979,EXACT,1979,0,,정상
과목1,22,1과목_화장품법의이해_표준형.md,550,EXACT,550,0,,정상
과목1,23,1과목_화장품법의이해_표준형.md,612,EXACT,612,0,,정상
과목1,24,1과목_화장품법의이해_표준형.md,691,EXACT,691,0,,정상
과목1,25,1과목_화장품법의이해_표준형.md,961,EXACT,961,0,,정상
과목1,26,화장품법 시행규칙(총리령)(제02109호)(20260402).md,1593,EXACT,1593,0,,정상
과목1,27,1과목_화장품법의이해_표준형.md,1242,EXACT,1242,0,,정상
과목1,28,1과목_화장품법의이해_표준형.md,1243,EXACT,1243,0,,정상
과목1,29,화장품법(법률)(제20901호)(20260402).md,1579,EXACT,1579,0,,정상
과목1,30,1과목_화장품법의이해_표준형.md,795,EXACT,795,0,,정상
과목1,31,1과목_화장품법의이해_표준형.md,638,NOTFOUND_재작성,638,,원문 미발견(요약형) ,참고(요약형근거)
과목1,32,1과목_화장품법의이해_표준형.md,928,EXACT,928,0,,정상
과목1,33,1과목_화장품법의이해_표준형.md,2575,WRONGFILE_다른파일,3454,,실제: 2과목_제조및품질관리_표준형.md L3454 ,교정필요(파일오류)
과목1,34,1과목_화장품법의이해_표준형.md,1595,EXACT,1595,0,,정상
과목1,35,화장품법(법률)(제20901호)(20260402).md,35,WRONGFILE_다른파일,3447,,실제: 1과목_화장품법의이해_이야기형.md L3447 ,교정필요(파일오류)
과목1,36,1과목_화장품법의이해_표준형.md,927,EXACT,927,0,,정상
과목1,37,1과목_화장품법의이해_표준형.md,440,EXACT,440,0,,정상
과목1,38,1과목_화장품법의이해_표준형.md,928,EXACT,928,0,,정상
과목1,39,1과목_화장품법의이해_표준형.md,3981,EXACT,3981,0,,정상
과목1,40,1과목_화장품법의이해_표준형.md,732,EXACT,732,0,,정상
과목1,41,1과목_화장품법의이해_표준형.md,1853,EXACT,1853,0,,정상
과목1,42,1과목_화장품법의이해_표준형.md,550,EXACT,550,0,,정상
과목1,43,1과목_화장품법의이해_표준형.md,828,NOTFOUND_재작성,828,,원문 미발견(요약형) ,참고(요약형근거)
과목1,44,1과목_화장품법의이해_표준형.md,1252,EXACT,1252,0,,정상
과목1,45,1과목_화장품법의이해_표준형.md,549,EXACT,549,0,,정상
과목1,46,1과목_화장품법의이해_표준형.md,521,EXACT,521,0,,정상
과목1,47,1과목_화장품법의이해_표준형.md,811,NOTFOUND_재작성,811,,원문 미발견(요약형) ,참고(요약형근거)
과목1,48,1과목_화장품법의이해_표준형.md,718,EXACT,718,0,,정상
과목1,49,1과목_화장품법의이해_표준형.md,1252,EXACT,1252,0,,정상
과목1,50,1과목_화장품법의이해_표준형.md,1820,EXACT,1820,0,,정상
과목1,51,화장품법 시행규칙(총리령)(제02109호)(20260402).md,1091,EXACT,1091,0,,정상
과목1,52,화장품법(법률)(제20901호)(20260402).md,213,EXACT,213,0,,정상
과목1,53,화장품법(법률)(제20901호)(20260402).md,1921,EXACT,1921,0,,정상
과목1,54,1과목_화장품법의이해_표준형.md,753,EXACT,753,0,,정상
과목1,55,1과목_화장품법의이해_표준형.md,1865,EXACT,1865,0,,정상
과목1,56,1과목_화장품법의이해_표준형.md,1115,EXACT,1115,0,,정상
과목1,57,화장품법(법률)(제20901호)(20260402).md,1711,EXACT,1711,0,,정상
과목1,58,1과목_화장품법의이해_표준형.md,804,EXACT,804,0,,정상
과목1,59,1과목_화장품법의이해_표준형.md,520,EXACT,520,0,,정상
과목1,60,화장품법(법률)(제20901호)(20260402).md,213,EXACT,213,0,,정상
과목1,61,화장품법 시행규칙(총리령)(제02109호)(20260402).md,1673,EXACT,1673,0,,정상
과목1,62,1과목_화장품법의이해_표준형.md,612,EXACT,612,0,,정상
과목1,63,1과목_화장품법의이해_표준형.md,520,EXACT,520,0,,정상
과목1,64,1과목_화장품법의이해_표준형.md,613,EXACT,613,0,,정상
과목1,65,1과목_화장품법의이해_표준형.md,927,EXACT,927,0,,정상
과목1,66,1과목_화장품법의이해_표준형.md,549,EXACT,549,0,,정상
과목1,67,시행규칙_별표1_품질관리기준.md,101,EXACT,101,0,,정상
과목1,68,1과목_화장품법의이해_표준형.md,576,EXACT,576,0,,정상
과목1,69,화장품법(법률)(제20901호)(20260402).md,1065,EXACT,1065,0,,정상
과목1,70,1과목_화장품법의이해_표준형.md,693,EXACT,693,0,,정상
과목1,71,1과목_화장품법의이해_표준형.md,693,EXACT,693,0,,정상
과목1,72,화장품법(법률)(제20901호)(20260402).md,221,EXACT,221,0,,정상
과목1,73,화장품법(법률)(제20901호)(20260402).md,221,EXACT,221,0,,정상
과목1,74,화장품법(법률)(제20901호)(20260402).md,1981,EXACT,1981,0,,정상
과목1,75,1과목_화장품법의이해_표준형.md,576,EXACT,576,0,,정상
과목1,76,화장품법(법률)(제20901호)(20260402).md,997,EXACT,997,0,,정상
과목1,77,1과목_화장품법의이해_표준형.md,1133,EXACT,1133,0,,정상
과목1,78,1과목_화장품법의이해_표준형.md,915,EXACT,915,0,,정상
과목1,79,화장품법(법률)(제20901호)(20260402).md,1015,EXACT,1015,0,,정상
과목1,80,1과목_화장품법의이해_표준형.md,549,EXACT,549,0,,정상
과목1,81,1과목_화장품법의이해_표준형.md,547,EXACT,547,0,,정상
과목1,82,1과목_화장품법의이해_표준형.md,794,EXACT,794,0,,정상
과목1,83,1과목_화장품법의이해_표준형.md,718,EXACT,718,0,,정상
과목1,84,1과목_화장품법의이해_표준형.md,612,EXACT,612,0,,정상
과목1,85,화장품법(법률)(제20901호)(20260402).md,669,EXACT,669,0,,정상
과목1,86,1과목_화장품법의이해_표준형.md,550,EXACT,550,0,,정상
과목1,87,1과목_화장품법의이해_표준형.md,2072,NOTFOUND_재작성,2072,,원문 미발견(요약형) ,참고(요약형근거)
과목1,88,화장품법(법률)(제20901호)(20260402).md,1013,EXACT,1013,0,,정상
과목1,89,1과목_화장품법의이해_표준형.md,928,EXACT,928,0,,정상
과목1,90,1과목_화장품법의이해_표준형.md,549,EXACT,549,0,,정상
과목1,91,시행규칙_별표2_책임판매안전관리기준.md,27,EXACT,27,0,,정상
과목1,92,1과목_화장품법의이해_표준형.md,613,EXACT,613,0,,정상
과목1,93,1과목_화장품법의이해_표준형.md,718,EXACT,718,0,,정상
과목1,94,시행규칙_별표1_품질관리기준.md,101,EXACT,101,0,,정상
과목1,95,1과목_화장품법의이해_표준형.md,1630,EXACT,1630,0,,정상
과목1,96,1과목_화장품법의이해_표준형.md,1243,EXACT,1243,0,,정상
과목1,97,화장품법(법률)(제20901호)(20260402).md,871,EXACT,871,0,,정상
과목1,98,1과목_화장품법의이해_표준형.md,797,EXACT,797,0,,정상
과목1,99,1과목_화장품법의이해_표준형.md,1741,EXACT,1741,0,,정상
과목1,100,화장품법(법률)(제20901호)(20260402).md,283,WRONGLINE_같은파일,249,-34,올바른 줄=L249 ,교정필요(줄오류)
과목2,1,2과목_제조및품질관리_표준형.md,1722,EXACT,1722,0,,정상
과목2,2,2과목_제조및품질관리_표준형.md,1236,EXACT,1236,0,,정상
과목2,3,2과목_제조및품질관리_표준형.md,819,EXACT,819,0,,정상
과목2,4,2과목_제조및품질관리_표준형.md,2256,EXACT,2256,0,,정상
과목2,5,2과목_제조및품질관리_표준형.md,2508,EXACT,2508,0,,정상
과목2,6,2과목_제조및품질관리_표준형.md,2401,EXACT,2401,0,,정상
과목2,7,2과목_제조및품질관리_표준형.md,3137,EXACT,3137,0,,정상
과목2,8,2과목_제조및품질관리_표준형.md,3020,EXACT,3020,0,,정상
과목2,9,2과목_제조및품질관리_표준형.md,3388,EXACT,3388,0,,정상
과목2,10,우수화장품 제조 및 품질관리기준(식품의약품안전처고시)(제2024-46호)(20240822).md,447,EXACT,447,0,,정상
과목2,11,2과목_제조및품질관리_표준형.md,862,EXACT,862,0,,정상
과목2,12,2과목_제조및품질관리_표준형.md,824,EXACT,824,0,,정상
과목2,13,2과목_제조및품질관리_표준형.md,3689,EXACT,3689,0,,정상
과목2,14,2과목_제조및품질관리_표준형.md,4893,WRONGLINE_같은파일,4897,4,올바른 줄=L4897 ,경미(헤더offset)
과목2,15,2과목_제조및품질관리_표준형.md,3475,EXACT,3475,0,,정상
과목2,16,2과목_제조및품질관리_표준형.md,3503,EXACT,3503,0,,정상
과목2,17,주의사항_별표1_유형별주의사항표시문구.md,701,EXACT,701,0,,정상
과목2,18,2과목_제조및품질관리_표준형.md,1688,EXACT,1688,0,,정상
과목2,19,2과목_제조및품질관리_표준형.md,3554,EXACT,3554,0,,정상
과목2,20,2과목_제조및품질관리_표준형.md,2151,EXACT,2151,0,,정상
과목2,21,2과목_제조및품질관리_표준형.md,1694,EXACT,1694,0,,정상
과목2,22,2과목_제조및품질관리_표준형.md,2500,EXACT,2500,0,,정상
과목2,23,2과목_제조및품질관리_표준형.md,2368,EXACT,2368,0,,정상
과목2,24,2과목_제조및품질관리_표준형.md,3137,EXACT,3137,0,,정상
과목2,25,2과목_제조및품질관리_표준형.md,3389,EXACT,3389,0,,정상
과목2,26,2과목_제조및품질관리_표준형.md,1178,EXACT,1178,0,,정상
과목2,27,2과목_제조및품질관리_표준형.md,3737,EXACT,3737,0,,정상
과목2,28,2과목_제조및품질관리_표준형.md,1204,EXACT,1204,0,,정상
과목2,29,2과목_제조및품질관리_표준형.md,1887,EXACT,1887,0,,정상
과목2,30,주의사항_별표1_유형별주의사항표시문구.md,659,EXACT,659,0,,정상
과목2,31,2과목_제조및품질관리_표준형.md,3305,EXACT,3305,0,,정상
과목2,32,우수화장품 제조 및 품질관리기준(식품의약품안전처고시)(제2024-46호)(20240822).md,381,EXACT,381,0,,정상
과목2,33,2과목_제조및품질관리_표준형.md,1297,EXACT,1297,0,,정상
과목2,34,2과목_제조및품질관리_표준형.md,3499,EXACT,3499,0,,정상
과목2,35,우수화장품 제조 및 품질관리기준(식품의약품안전처고시)(제2024-46호)(20240822).md,447,EXACT,447,0,,정상
과목2,36,2과목_제조및품질관리_표준형.md,3887,EXACT,3887,0,,정상
과목2,37,2과목_제조및품질관리_표준형.md,2050,EXACT,2050,0,,정상
과목2,38,2과목_제조및품질관리_표준형.md,2379,EXACT,2379,0,,정상
과목2,39,우수화장품 제조 및 품질관리기준(식품의약품안전처고시)(제2024-46호)(20240822).md,341,EXACT,341,0,,정상
과목2,40,2과목_제조및품질관리_표준형.md,883,EXACT,883,0,,정상
과목2,41,2과목_제조및품질관리_표준형.md,1833,EXACT,1833,0,,정상
과목2,42,2과목_제조및품질관리_표준형.md,5400,EXACT,5400,0,,정상
과목2,43,2과목_제조및품질관리_표준형.md,824,EXACT,824,0,,정상
과목2,44,2과목_제조및품질관리_표준형.md,781,EXACT,781,0,,정상
과목2,45,2과목_제조및품질관리_표준형.md,624,EXACT,624,0,,정상
과목2,46,2과목_제조및품질관리_표준형.md,3668,EXACT,3668,0,,정상
과목2,47,우수화장품 제조 및 품질관리기준(식품의약품안전처고시)(제2024-46호)(20240822).md,355,EXACT,355,0,,정상
과목2,48,우수화장품 제조 및 품질관리기준(식품의약품안전처고시)(제2024-46호)(20240822).md,447,EXACT,447,0,,정상
과목2,49,2과목_제조및품질관리_표준형.md,2346,EXACT,2346,0,,정상
과목2,50,2과목_제조및품질관리_표준형.md,3889,EXACT,3889,0,,정상
과목2,51,2과목_제조및품질관리_표준형.md,3923,EXACT,3923,0,,정상
과목2,52,2과목_제조및품질관리_표준형.md,3732,EXACT,3732,0,,정상
과목2,53,2과목_제조및품질관리_표준형.md,75,WRONGLINE_같은파일,3918,3843,올바른 줄=L3918 ,교정필요(줄오류)
과목2,54,2과목_제조및품질관리_표준형.md,3309,EXACT,3309,0,,정상
과목2,55,2과목_제조및품질관리_표준형.md,3390,EXACT,3390,0,,정상
과목2,56,2과목_제조및품질관리_표준형.md,2157,EXACT,2157,0,,정상
과목2,57,2과목_제조및품질관리_표준형.md,1716,EXACT,1716,0,,정상
과목2,58,2과목_제조및품질관리_표준형.md,795,EXACT,795,0,,정상
과목2,59,2과목_제조및품질관리_표준형.md,3689,EXACT,3689,0,,정상
과목2,60,우수화장품 제조 및 품질관리기준(식품의약품안전처고시)(제2024-46호)(20240822).md,355,EXACT,355,0,,정상
과목2,61,기능성화장품 심사에 관한 규정(식품의약품안전처고시)(제2025-88호)(20251216).md,281,EXACT,281,0,,정상
과목2,62,2과목_제조및품질관리_표준형.md,2142,EXACT,2142,0,,정상
과목2,63,2과목_제조및품질관리_표준형.md,1334,EXACT,1334,0,,정상
과목2,64,우수화장품 제조 및 품질관리기준(식품의약품안전처고시)(제2024-46호)(20240822).md,599,EXACT,599,0,,정상
과목2,65,2과목_제조및품질관리_표준형.md,3891,EXACT,3891,0,,정상
과목2,66,2과목_제조및품질관리_표준형.md,2106,EXACT,2106,0,,정상
과목2,67,2과목_제조및품질관리_표준형.md,626,EXACT,626,0,,정상
과목2,68,2과목_제조및품질관리_표준형.md,1204,EXACT,1204,0,,정상
과목2,69,우수화장품 제조 및 품질관리기준(식품의약품안전처고시)(제2024-46호)(20240822).md,381,EXACT,381,0,,정상
과목2,70,2과목_제조및품질관리_표준형.md,4197,EXACT,4197,0,,정상
과목2,71,2과목_제조및품질관리_표준형.md,3309,EXACT,3309,0,,정상
과목2,72,우수화장품 제조 및 품질관리기준(식품의약품안전처고시)(제2024-46호)(20240822).md,285,EXACT,285,0,,정상
과목2,73,2과목_제조및품질관리_표준형.md,3899,EXACT,3899,0,,정상
과목2,74,2과목_제조및품질관리_표준형.md,3390,EXACT,3390,0,,정상
과목2,75,2과목_제조및품질관리_표준형.md,3504,EXACT,3504,0,,정상
과목2,76,2과목_제조및품질관리_표준형.md,626,EXACT,626,0,,정상
과목2,77,2과목_제조및품질관리_표준형.md,75,WRONGLINE_같은파일,3918,3843,올바른 줄=L3918 ,교정필요(줄오류)
과목2,78,2과목_제조및품질관리_표준형.md,2405,EXACT,2405,0,,정상
과목2,79,2과목_제조및품질관리_표준형.md,2912,EXACT,2912,0,,정상
과목2,80,기능성화장품 심사에 관한 규정(식품의약품안전처고시)(제2025-88호)(20251216).md,111,EXACT,111,0,,정상
과목2,81,2과목_제조및품질관리_표준형.md,3486,EXACT,3486,0,,정상
과목2,82,2과목_제조및품질관리_표준형.md,3486,EXACT,3486,0,,정상
과목2,83,2과목_제조및품질관리_표준형.md,3486,EXACT,3486,0,,정상
과목2,84,2과목_제조및품질관리_표준형.md,3504,EXACT,3504,0,,정상
과목2,85,우수화장품 제조 및 품질관리기준(식품의약품안전처고시)(제2024-46호)(20240822).md,851,EXACT,851,0,,정상
과목2,86,2과목_제조및품질관리_표준형.md,3710,EXACT,3710,0,,정상
과목2,87,2과목_제조및품질관리_표준형.md,3923,EXACT,3923,0,,정상
과목2,88,2과목_제조및품질관리_표준형.md,3082,EXACT,3082,0,,정상
과목2,89,2과목_제조및품질관리_표준형.md,870,EXACT,870,0,,정상
과목2,90,2과목_제조및품질관리_표준형.md,3304,EXACT,3304,0,,정상
과목2,91,우수화장품 제조 및 품질관리기준(식품의약품안전처고시)(제2024-46호)(20240822).md,647,EXACT,647,0,,정상
과목2,92,2과목_제조및품질관리_표준형.md,3888,EXACT,3888,0,,정상
과목2,93,2과목_제조및품질관리_표준형.md,3836,EXACT,3836,0,,정상
과목2,94,2과목_제조및품질관리_표준형.md,3503,EXACT,3503,0,,정상
과목2,95,2과목_제조및품질관리_표준형.md,626,EXACT,626,0,,정상
과목2,96,2과목_제조및품질관리_표준형.md,1304,EXACT,1304,0,,정상
과목2,97,2과목_제조및품질관리_표준형.md,969,EXACT,969,0,,정상
과목2,98,우수화장품 제조 및 품질관리기준(식품의약품안전처고시)(제2024-46호)(20240822).md,409,EXACT,409,0,,정상
과목2,99,2과목_제조및품질관리_표준형.md,3554,EXACT,3554,0,,정상
과목2,100,2과목_제조및품질관리_표준형.md,2415,EXACT,2415,0,,정상
과목2,101,2과목_제조및품질관리_표준형.md,2561,EXACT,2561,0,,정상
과목2,102,2과목_제조및품질관리_표준형.md,3486,EXACT,3486,0,,정상
과목2,103,2과목_제조및품질관리_표준형.md,626,EXACT,626,0,,정상
과목2,104,2과목_제조및품질관리_표준형.md,3719,EXACT,3719,0,,정상
과목2,105,2과목_제조및품질관리_표준형.md,1826,EXACT,1826,0,,정상
과목2,106,우수화장품 제조 및 품질관리기준(식품의약품안전처고시)(제2024-46호)(20240822).md,381,EXACT,381,0,,정상
과목2,107,2과목_제조및품질관리_표준형.md,3554,EXACT,3554,0,,정상
과목2,108,2과목_제조및품질관리_표준형.md,3713,EXACT,3713,0,,정상
과목2,109,2과목_제조및품질관리_표준형.md,88,EXACT,88,0,,정상
과목2,110,2과목_제조및품질관리_표준형.md,3499,EXACT,3499,0,,정상
과목2,111,2과목_제조및품질관리_표준형.md,3193,EXACT,3193,0,,정상
과목2,112,우수화장품 제조 및 품질관리기준(식품의약품안전처고시)(제2024-46호)(20240822).md,447,EXACT,447,0,,정상
과목2,113,2과목_제조및품질관리_표준형.md,3554,EXACT,3554,0,,정상
과목2,114,2과목_제조및품질관리_표준형.md,3892,EXACT,3892,0,,정상
과목2,115,2과목_제조및품질관리_표준형.md,2679,WRONGLINE_같은파일,2684,5,올바른 줄=L2684 ,경미(헤더offset)
과목2,116,2과목_제조및품질관리_표준형.md,3410,EXACT,3410,0,,정상
과목2,117,2과목_제조및품질관리_표준형.md,1162,EXACT,1162,0,,정상
과목2,118,우수화장품 제조 및 품질관리기준(식품의약품안전처고시)(제2024-46호)(20240822).md,863,EXACT,863,0,,정상
과목2,119,2과목_제조및품질관리_표준형.md,1722,EXACT,1722,0,,정상
과목2,120,2과목_제조및품질관리_표준형.md,105,EXACT,105,0,,정상
과목2,121,2과목_제조및품질관리_표준형.md,692,EXACT,692,0,,정상
과목2,122,2과목_제조및품질관리_표준형.md,1827,EXACT,1827,0,,정상
과목2,123,2과목_제조및품질관리_표준형.md,2428,EXACT,2428,0,,정상
과목2,124,2과목_제조및품질관리_표준형.md,1878,EXACT,1878,0,,정상
과목2,125,2과목_제조및품질관리_표준형.md,2894,EXACT,2894,0,,정상
과목2,126,2과목_제조및품질관리_표준형.md,2144,EXACT,2144,0,,정상
과목2,127,2과목_제조및품질관리_표준형.md,3689,EXACT,3689,0,,정상
과목2,128,2과목_제조및품질관리_표준형.md,2847,EXACT,2847,0,,정상
과목2,129,2과목_제조및품질관리_표준형.md,1858,EXACT,1858,0,,정상
과목2,130,2과목_제조및품질관리_표준형.md,626,EXACT,626,0,,정상
과목2,131,2과목_제조및품질관리_표준형.md,3193,EXACT,3193,0,,정상
과목2,132,2과목_제조및품질관리_표준형.md,2084,EXACT,2084,0,,정상
과목2,133,2과목_제조및품질관리_표준형.md,105,EXACT,105,0,,정상
과목2,134,2과목_제조및품질관리_표준형.md,692,EXACT,692,0,,정상
과목2,135,2과목_제조및품질관리_표준형.md,4208,EXACT,4208,0,,정상
과목2,136,2과목_제조및품질관리_표준형.md,3672,EXACT,3672,0,,정상
과목2,137,2과목_제조및품질관리_표준형.md,2144,EXACT,2144,0,,정상
과목2,138,2과목_제조및품질관리_표준형.md,544,EXACT,544,0,,정상
과목2,139,2과목_제조및품질관리_표준형.md,2084,EXACT,2084,0,,정상
과목2,140,2과목_제조및품질관리_표준형.md,1826,EXACT,1826,0,,정상
과목2,141,2과목_제조및품질관리_표준형.md,2050,EXACT,2050,0,,정상
과목2,142,2과목_제조및품질관리_표준형.md,801,EXACT,801,0,,정상
과목2,143,2과목_제조및품질관리_표준형.md,2663,NOTFOUND_재작성,2663,,원문 미발견(요약형) ,참고(요약형근거)
과목2,144,2과목_제조및품질관리_표준형.md,3730,EXACT,3730,0,,정상
과목2,145,2과목_제조및품질관리_표준형.md,2150,EXACT,2150,0,,정상
과목2,146,2과목_제조및품질관리_표준형.md,1204,EXACT,1204,0,,정상
과목2,147,2과목_제조및품질관리_표준형.md,105,EXACT,105,0,,정상
과목2,148,2과목_제조및품질관리_표준형.md,3927,EXACT,3927,0,,정상
과목2,149,2과목_제조및품질관리_표준형.md,2084,EXACT,2084,0,,정상
과목2,150,2과목_제조및품질관리_표준형.md,1825,EXACT,1825,0,,정상
과목2,151,2과목_제조및품질관리_표준형.md,1224,EXACT,1224,0,,정상
과목2,152,2과목_제조및품질관리_표준형.md,2105,EXACT,2105,0,,정상
과목2,153,2과목_제조및품질관리_표준형.md,1865,EXACT,1865,0,,정상
과목2,154,2과목_제조및품질관리_표준형.md,2106,EXACT,2106,0,,정상
과목2,155,2과목_제조및품질관리_표준형.md,626,EXACT,626,0,,정상
과목2,156,2과목_제조및품질관리_표준형.md,3578,EXACT,3578,0,,정상
과목2,157,2과목_제조및품질관리_표준형.md,89,EXACT,89,0,,정상
과목2,158,2과목_제조및품질관리_표준형.md,3122,EXACT,3122,0,,정상
과목2,159,2과목_제조및품질관리_표준형.md,3897,EXACT,3897,0,,정상
과목2,160,2과목_제조및품질관리_표준형.md,88,EXACT,88,0,,정상
과목2,161,우수화장품 제조 및 품질관리기준(식품의약품안전처고시)(제2024-46호)(20240822).md,143,EXACT,143,0,,정상
과목2,162,2과목_제조및품질관리_표준형.md,3097,EXACT,3097,0,,정상
과목2,163,2과목_제조및품질관리_표준형.md,1236,EXACT,1236,0,,정상
과목2,164,2과목_제조및품질관리_표준형.md,3309,EXACT,3309,0,,정상
과목2,165,2과목_제조및품질관리_표준형.md,1343,SHORT_RAT,1343,,근거 짧음,정상(짧은근거/계산)
과목2,166,2과목_제조및품질관리_표준형.md,2326,EXACT,2326,0,,정상
과목2,167,우수화장품 제조 및 품질관리기준(식품의약품안전처고시)(제2024-46호)(20240822).md,183,EXACT,183,0,,정상
과목2,168,2과목_제조및품질관리_표준형.md,2997,EXACT,2997,0,,정상
과목2,169,2과목_제조및품질관리_표준형.md,3002,EXACT,3002,0,,정상
과목2,170,2과목_제조및품질관리_표준형.md,3709,EXACT,3709,0,,정상
과목2,171,주의사항_별표1_유형별주의사항표시문구.md,701,EXACT,701,0,,정상
과목2,172,2과목_제조및품질관리_표준형.md,88,EXACT,88,0,,정상
과목2,173,2과목_제조및품질관리_표준형.md,4194,EXACT,4194,0,,정상
과목2,174,2과목_제조및품질관리_표준형.md,3699,EXACT,3699,0,,정상
과목2,175,우수화장품 제조 및 품질관리기준(식품의약품안전처고시)(제2024-46호)(20240822).md,443,WRONGLINE_같은파일,1480,1037,올바른 줄=L1480 ,교정필요(줄오류)
과목2,176,2과목_제조및품질관리_표준형.md,3410,EXACT,3410,0,,정상
과목2,177,2과목_제조및품질관리_표준형.md,693,EXACT,693,0,,정상
과목2,178,2과목_제조및품질관리_표준형.md,2994,EXACT,2994,0,,정상
과목2,179,2과목_제조및품질관리_표준형.md,2053,EXACT,2053,0,,정상
과목2,180,우수화장품 제조 및 품질관리기준(식품의약품안전처고시)(제2024-46호)(20240822).md,377,EXACT,377,0,,정상
과목2,181,2과목_제조및품질관리_표준형.md,2368,EXACT,2368,0,,정상
과목2,182,2과목_제조및품질관리_표준형.md,5410,EXACT,5410,0,,정상
과목2,183,2과목_제조및품질관리_표준형.md,1833,EXACT,1833,0,,정상
과목2,184,2과목_제조및품질관리_표준형.md,3499,EXACT,3499,0,,정상
과목2,185,2과목_제조및품질관리_표준형.md,623,EXACT,623,0,,정상
과목2,186,2과목_제조및품질관리_표준형.md,88,EXACT,88,0,,정상
과목2,187,우수화장품 제조 및 품질관리기준(식품의약품안전처고시)(제2024-46호)(20240822).md,355,EXACT,355,0,,정상
과목2,188,2과목_제조및품질관리_표준형.md,88,EXACT,88,0,,정상
과목2,189,2과목_제조및품질관리_표준형.md,1204,EXACT,1204,0,,정상
과목2,190,우수화장품 제조 및 품질관리기준(식품의약품안전처고시)(제2024-46호)(20240822).md,671,EXACT,671,0,,정상
과목2,191,2과목_제조및품질관리_표준형.md,3213,EXACT,3213,0,,정상
과목2,192,2과목_제조및품질관리_표준형.md,2822,EXACT,2822,0,,정상
과목2,193,2과목_제조및품질관리_표준형.md,3390,EXACT,3390,0,,정상
과목2,194,우수화장품 제조 및 품질관리기준(식품의약품안전처고시)(제2024-46호)(20240822).md,183,EXACT,183,0,,정상
과목2,195,우수화장품 제조 및 품질관리기준(식품의약품안전처고시)(제2024-46호)(20240822).md,377,EXACT,377,0,,정상
과목2,196,2과목_제조및품질관리_표준형.md,3837,EXACT,3837,0,,정상
과목2,197,2과목_제조및품질관리_표준형.md,3002,EXACT,3002,0,,정상
과목2,198,2과목_제조및품질관리_표준형.md,2450,EXACT,2450,0,,정상
과목2,199,2과목_제조및품질관리_표준형.md,2676,EXACT,2676,0,,정상
과목2,200,2과목_제조및품질관리_표준형.md,3560,EXACT,3560,0,,정상
과목2,201,2과목_제조및품질관리_표준형.md,633,EXACT,633,0,,정상
과목2,202,2과목_제조및품질관리_표준형.md,3835,EXACT,3835,0,,정상
과목2,203,2과목_제조및품질관리_표준형.md,2323,EXACT,2323,0,,정상
과목2,204,2과목_제조및품질관리_표준형.md,2932,EXACT,2932,0,,정상
과목2,205,2과목_제조및품질관리_표준형.md,1236,EXACT,1236,0,,정상
과목2,206,2과목_제조및품질관리_표준형.md,3504,EXACT,3504,0,,정상
과목2,207,우수화장품 제조 및 품질관리기준(식품의약품안전처고시)(제2024-46호)(20240822).md,381,EXACT,381,0,,정상
과목2,208,2과목_제조및품질관리_표준형.md,2071,EXACT,2071,0,,정상
과목2,209,2과목_제조및품질관리_표준형.md,3122,EXACT,3122,0,,정상
과목2,210,우수화장품 제조 및 품질관리기준(식품의약품안전처고시)(제2024-46호)(20240822).md,377,EXACT,377,0,,정상
과목2,211,2과목_제조및품질관리_표준형.md,2667,EXACT,2667,0,,정상
과목2,212,2과목_제조및품질관리_표준형.md,5410,EXACT,5410,0,,정상
과목2,213,2과목_제조및품질관리_표준형.md,3560,EXACT,3560,0,,정상
과목2,214,2과목_제조및품질관리_표준형.md,2668,EXACT,2668,0,,정상
과목2,215,2과목_제조및품질관리_표준형.md,3309,EXACT,3309,0,,정상
과목2,216,2과목_제조및품질관리_표준형.md,3569,EXACT,3569,0,,정상
과목2,217,2과목_제조및품질관리_표준형.md,2110,EXACT,2110,0,,정상
과목2,218,2과목_제조및품질관리_표준형.md,3554,EXACT,3554,0,,정상
과목2,219,2과목_제조및품질관리_표준형.md,89,EXACT,89,0,,정상
과목2,220,2과목_제조및품질관리_표준형.md,2998,EXACT,2998,0,,정상
과목2,221,2과목_제조및품질관리_표준형.md,3388,EXACT,3388,0,,정상
과목2,222,2과목_제조및품질관리_표준형.md,2953,EXACT,2953,0,,정상
과목2,223,2과목_제조및품질관리_표준형.md,3504,EXACT,3504,0,,정상
과목2,224,2과목_제조및품질관리_표준형.md,3503,EXACT,3503,0,,정상
과목2,225,우수화장품 제조 및 품질관리기준(식품의약품안전처고시)(제2024-46호)(20240822).md,355,EXACT,355,0,,정상
과목2,226,2과목_제조및품질관리_표준형.md,2598,EXACT,2598,0,,정상
과목2,227,2과목_제조및품질관리_표준형.md,3002,EXACT,3002,0,,정상
과목2,228,2과목_제조및품질관리_표준형.md,1865,EXACT,1865,0,,정상
과목2,229,2과목_제조및품질관리_표준형.md,2999,EXACT,2999,0,,정상
과목2,230,2과목_제조및품질관리_표준형.md,3410,EXACT,3410,0,,정상
과목2,231,2과목_제조및품질관리_표준형.md,633,EXACT,633,0,,정상
과목2,232,2과목_제조및품질관리_표준형.md,3837,EXACT,3837,0,,정상
과목2,233,2과목_제조및품질관리_표준형.md,2604,EXACT,2604,0,,정상
과목2,234,우수화장품 제조 및 품질관리기준(식품의약품안전처고시)(제2024-46호)(20240822).md,443,WRONGLINE_같은파일,1480,1037,올바른 줄=L1480 ,교정필요(줄오류)
과목2,235,2과목_제조및품질관리_표준형.md,1236,EXACT,1236,0,,정상
과목2,236,2과목_제조및품질관리_표준형.md,3556,EXACT,3556,0,,정상
과목2,237,우수화장품 제조 및 품질관리기준(식품의약품안전처고시)(제2024-46호)(20240822).md,147,EXACT,147,0,,정상
과목2,238,2과목_제조및품질관리_표준형.md,2071,EXACT,2071,0,,정상
과목2,239,2과목_제조및품질관리_표준형.md,2379,EXACT,2379,0,,정상
과목2,240,우수화장품 제조 및 품질관리기준(식품의약품안전처고시)(제2024-46호)(20240822).md,377,EXACT,377,0,,정상
과목2,241,2과목_제조및품질관리_표준형.md,2667,EXACT,2667,0,,정상
과목2,242,2과목_제조및품질관리_표준형.md,51,EXACT,51,0,,정상
과목2,243,2과목_제조및품질관리_표준형.md,887,EXACT,887,0,,정상
과목2,244,2과목_제조및품질관리_표준형.md,898,EXACT,898,0,,정상
과목2,245,우수화장품 제조 및 품질관리기준(식품의약품안전처고시)(제2024-46호)(20240822).md,237,EXACT,237,0,,정상
과목2,246,2과목_제조및품질관리_표준형.md,3122,EXACT,3122,0,,정상
과목2,247,화장품의 색소 종류 및 기준(식품의약품안전처고시)(제2023-61호)(20230921).md,55,EXACT,55,0,,정상
과목2,248,2과목_제조및품질관리_표준형.md,4194,EXACT,4194,0,,정상
과목2,249,2과목_제조및품질관리_표준형.md,3689,EXACT,3689,0,,정상
과목2,250,2과목_제조및품질관리_표준형.md,1105,EXACT,1105,0,,정상
과목3,1,3과목_유통화장품안전관리_표준형.md,156,EXACT,156,0,,정상
과목3,2,3과목_유통화장품안전관리_표준형.md,614,EXACT,614,0,,정상
과목3,3,3과목_유통화장품안전관리_표준형.md,594,EXACT,594,0,,정상
과목3,4,우수화장품 제조 및 품질관리기준(식품의약품안전처고시)(제2024-46호)(20240822).md,139,EXACT,139,0,,정상
과목3,5,3과목_유통화장품안전관리_표준형.md,614,EXACT,614,0,,정상
과목3,6,3과목_유통화장품안전관리_표준형.md,1791,EXACT,1791,0,,정상
과목3,7,3과목_유통화장품안전관리_표준형.md,1198,WRONGLINE_같은파일,1202,4,올바른 줄=L1202 ,경미(헤더offset)
과목3,8,3과목_유통화장품안전관리_표준형.md,1328,EXACT,1328,0,,정상
과목3,9,3과목_유통화장품안전관리_표준형.md,3398,EXACT,3398,0,,정상
과목3,10,3과목_유통화장품안전관리_표준형.md,3398,EXACT,3398,0,,정상
과목3,11,3과목_유통화장품안전관리_표준형.md,3398,EXACT,3398,0,,정상
과목3,12,3과목_유통화장품안전관리_표준형.md,2457,EXACT,2457,0,,정상
과목3,13,3과목_유통화장품안전관리_표준형.md,2589,EXACT,2589,0,,정상
과목3,14,3과목_유통화장품안전관리_표준형.md,2590,EXACT,2590,0,,정상
과목3,15,3과목_유통화장품안전관리_표준형.md,2591,EXACT,2591,0,,정상
과목3,16,3과목_유통화장품안전관리_표준형.md,2065,EXACT,2065,0,,정상
과목3,17,3과목_유통화장품안전관리_표준형.md,1286,NOTFOUND_재작성,1286,,원문 미발견(요약형) ,참고(요약형근거)
과목3,18,3과목_유통화장품안전관리_표준형.md,2815,EXACT,2815,0,,정상
과목3,19,3과목_유통화장품안전관리_표준형.md,1151,EXACT,1151,0,,정상
과목3,20,화장품 안전기준 등에 관한 규정(식품의약품안전처고시)(제2026-19호)(20260318).md,89,WRONGFILE_다른파일,2042,,실제: 3과목_유통화장품안전관리_표준형.md L2042 ,교정필요(파일오류)
과목3,21,3과목_유통화장품안전관리_표준형.md,1328,EXACT,1328,0,,정상
과목3,22,3과목_유통화장품안전관리_표준형.md,1791,EXACT,1791,0,,정상
과목3,23,3과목_유통화장품안전관리_표준형.md,3417,EXACT,3417,0,,정상
과목3,24,3과목_유통화장품안전관리_표준형.md,1151,EXACT,1151,0,,정상
과목3,25,3과목_유통화장품안전관리_표준형.md,1791,EXACT,1791,0,,정상
과목3,26,3과목_유통화장품안전관리_표준형.md,1791,EXACT,1791,0,,정상
과목3,27,3과목_유통화장품안전관리_표준형.md,1795,EXACT,1795,0,,정상
과목3,28,3과목_유통화장품안전관리_표준형.md,594,EXACT,594,0,,정상
과목3,29,3과목_유통화장품안전관리_표준형.md,2815,EXACT,2815,0,,정상
과목3,30,3과목_유통화장품안전관리_표준형.md,2456,EXACT,2456,0,,정상
과목3,31,3과목_유통화장품안전관리_표준형.md,2210,EXACT,2210,0,,정상
과목3,32,화장품법 시행규칙(총리령)(제02109호)(20260402).md,855,EXACT,855,0,,정상
과목3,33,3과목_유통화장품안전관리_표준형.md,156,EXACT,156,0,,정상
과목3,34,3과목_유통화장품안전관리_표준형.md,592,EXACT,592,0,,정상
과목3,35,3과목_유통화장품안전관리_표준형.md,3408,EXACT,3408,0,,정상
과목3,36,우수화장품 제조 및 품질관리기준(식품의약품안전처고시)(제2024-46호)(20240822).md,575,EXACT,575,0,,정상
과목3,37,3과목_유통화장품안전관리_표준형.md,1280,EXACT,1280,0,,정상
과목3,38,화장품법 시행규칙(총리령)(제02109호)(20260402).md,1541,EXACT,1541,0,,정상
과목3,39,3과목_유통화장품안전관리_표준형.md,1791,EXACT,1791,0,,정상
과목3,40,3과목_유통화장품안전관리_표준형.md,2696,EXACT,2696,0,,정상
과목3,41,3과목_유통화장품안전관리_표준형.md,639,EXACT,639,0,,정상
과목3,42,3과목_유통화장품안전관리_표준형.md,949,EXACT,949,0,,정상
과목3,43,3과목_유통화장품안전관리_표준형.md,3408,EXACT,3408,0,,정상
과목3,44,3과목_유통화장품안전관리_표준형.md,1694,EXACT,1694,0,,정상
과목3,45,3과목_유통화장품안전관리_표준형.md,157,EXACT,157,0,,정상
과목3,46,3과목_유통화장품안전관리_표준형.md,1009,EXACT,1009,0,,정상
과목3,47,3과목_유통화장품안전관리_표준형.md,2815,EXACT,2815,0,,정상
과목3,48,3과목_유통화장품안전관리_표준형.md,154,EXACT,154,0,,정상
과목3,49,3과목_유통화장품안전관리_표준형.md,656,EXACT,656,0,,정상
과목3,50,3과목_유통화장품안전관리_표준형.md,154,EXACT,154,0,,정상
과목3,51,화장품 안전기준 등에 관한 규정(식품의약품안전처고시)(제2026-19호)(20260318).md,89,WRONGFILE_다른파일,2042,,실제: 3과목_유통화장품안전관리_표준형.md L2042 ,교정필요(파일오류)
과목3,52,3과목_유통화장품안전관리_표준형.md,2589,EXACT,2589,0,,정상
과목3,53,3과목_유통화장품안전관리_표준형.md,1391,EXACT,1391,0,,정상
과목3,54,3과목_유통화장품안전관리_표준형.md,614,EXACT,614,0,,정상
과목3,55,3과목_유통화장품안전관리_표준형.md,67,EXACT,67,0,,정상
과목3,56,화장품법 시행규칙(총리령)(제02109호)(20260402).md,1401,EXACT,1401,0,,정상
과목3,57,3과목_유통화장품안전관리_표준형.md,2591,EXACT,2591,0,,정상
과목3,58,3과목_유통화장품안전관리_표준형.md,67,EXACT,67,0,,정상
과목3,59,3과목_유통화장품안전관리_표준형.md,2132,EXACT,2132,0,,정상
과목3,60,3과목_유통화장품안전관리_표준형.md,656,EXACT,656,0,,정상
과목3,61,3과목_유통화장품안전관리_표준형.md,1694,EXACT,1694,0,,정상
과목3,62,3과목_유통화장품안전관리_표준형.md,2132,EXACT,2132,0,,정상
과목3,63,3과목_유통화장품안전관리_표준형.md,67,EXACT,67,0,,정상
과목3,64,화장품법 시행규칙(총리령)(제02109호)(20260402).md,1351,EXACT,1351,0,,정상
과목3,65,3과목_유통화장품안전관리_표준형.md,2604,EXACT,2604,0,,정상
과목3,66,화장품 안전기준 등에 관한 규정(식품의약품안전처고시)(제2026-19호)(20260318).md,27,EXACT,27,0,,정상
과목3,67,3과목_유통화장품안전관리_표준형.md,154,EXACT,154,0,,정상
과목3,68,3과목_유통화장품안전관리_표준형.md,1328,EXACT,1328,0,,정상
과목3,69,3과목_유통화장품안전관리_표준형.md,2815,EXACT,2815,0,,정상
과목3,70,3과목_유통화장품안전관리_표준형.md,614,EXACT,614,0,,정상
과목3,71,3과목_유통화장품안전관리_표준형.md,2590,EXACT,2590,0,,정상
과목3,72,화장품법 시행규칙(총리령)(제02109호)(20260402).md,1329,EXACT,1329,0,,정상
과목3,73,3과목_유통화장품안전관리_표준형.md,594,EXACT,594,0,,정상
과목3,74,3과목_유통화장품안전관리_표준형.md,3408,EXACT,3408,0,,정상
과목3,75,3과목_유통화장품안전관리_표준형.md,1151,EXACT,1151,0,,정상
과목3,76,화장품법 시행규칙(총리령)(제02109호)(20260402).md,1739,EXACT,1739,0,,정상
과목3,77,3과목_유통화장품안전관리_표준형.md,2807,EXACT,2807,0,,정상
과목3,78,3과목_유통화장품안전관리_표준형.md,2296,EXACT,2296,0,,정상
과목3,79,3과목_유통화장품안전관리_표준형.md,2702,WRONGLINE_같은파일,2707,5,올바른 줄=L2707 ,경미(헤더offset)
과목3,80,3과목_유통화장품안전관리_표준형.md,1151,EXACT,1151,0,,정상
과목3,81,3과목_유통화장품안전관리_표준형.md,156,EXACT,156,0,,정상
과목3,82,3과목_유통화장품안전관리_표준형.md,2744,NOTFOUND_재작성,2744,,원문 미발견(요약형) ,참고(요약형근거)
과목3,83,화장품법 시행규칙(총리령)(제02109호)(20260402).md,885,EXACT,885,0,,정상
과목3,84,3과목_유통화장품안전관리_표준형.md,1328,EXACT,1328,0,,정상
과목3,85,화장품 안전기준 등에 관한 규정(식품의약품안전처고시)(제2026-19호)(20260318).md,77,EXACT,77,0,,정상
과목3,86,화장품 안전기준 등에 관한 규정(식품의약품안전처고시)(제2026-19호)(20260318).md,77,EXACT,77,0,,정상
과목3,87,3과목_유통화장품안전관리_표준형.md,2815,EXACT,2815,0,,정상
과목3,88,3과목_유통화장품안전관리_표준형.md,67,EXACT,67,0,,정상
과목3,89,3과목_유통화장품안전관리_표준형.md,2815,EXACT,2815,0,,정상
과목3,90,3과목_유통화장품안전관리_표준형.md,638,EXACT,638,0,,정상
과목3,91,화장품법 시행규칙(총리령)(제02109호)(20260402).md,1315,EXACT,1315,0,,정상
과목3,92,화장품 안전기준 등에 관한 규정(식품의약품안전처고시)(제2026-19호)(20260318).md,43,EXACT,43,0,,정상
과목3,93,우수화장품 제조 및 품질관리기준(식품의약품안전처고시)(제2024-46호)(20240822).md,197,EXACT,197,0,,정상
과목3,94,3과목_유통화장품안전관리_표준형.md,1414,EXACT,1414,0,,정상
과목3,95,3과목_유통화장품안전관리_표준형.md,3398,EXACT,3398,0,,정상
과목3,96,3과목_유통화장품안전관리_표준형.md,160,EXACT,160,0,,정상
과목3,97,3과목_유통화장품안전관리_표준형.md,2696,EXACT,2696,0,,정상
과목3,98,3과목_유통화장품안전관리_표준형.md,615,EXACT,615,0,,정상
과목3,99,3과목_유통화장품안전관리_표준형.md,2815,EXACT,2815,0,,정상
과목3,100,3과목_유통화장품안전관리_표준형.md,2794,NOTFOUND_재작성,2794,,원문 미발견(요약형) ,참고(요약형근거)
과목3,101,화장품법 시행규칙(총리령)(제02109호)(20260402).md,863,EXACT,863,0,,정상
과목3,102,3과목_유통화장품안전관리_표준형.md,2810,EXACT,2810,0,,정상
과목3,103,3과목_유통화장품안전관리_표준형.md,3408,EXACT,3408,0,,정상
과목3,104,화장품법 시행규칙(총리령)(제02109호)(20260402).md,1169,EXACT,1169,0,,정상
과목3,105,3과목_유통화장품안전관리_표준형.md,2815,EXACT,2815,0,,정상
과목3,106,화장품법 시행규칙(총리령)(제02109호)(20260402).md,855,EXACT,855,0,,정상
과목3,107,3과목_유통화장품안전관리_표준형.md,614,EXACT,614,0,,정상
과목3,108,3과목_유통화장품안전관리_표준형.md,312,EXACT,312,0,,정상
과목3,109,화장품법 시행규칙(총리령)(제02109호)(20260402).md,863,EXACT,863,0,,정상
과목3,110,3과목_유통화장품안전관리_표준형.md,312,EXACT,312,0,,정상
과목3,111,화장품법 시행규칙(총리령)(제02109호)(20260402).md,903,EXACT,903,0,,정상
과목3,112,화장품법 시행규칙(총리령)(제02109호)(20260402).md,1517,EXACT,1517,0,,정상
과목3,113,3과목_유통화장품안전관리_표준형.md,2815,EXACT,2815,0,,정상
과목3,114,3과목_유통화장품안전관리_표준형.md,1997,EXACT,1997,0,,정상
과목3,115,3과목_유통화장품안전관리_표준형.md,510,EXACT,510,0,,정상
과목3,116,3과목_유통화장품안전관리_표준형.md,3397,EXACT,3397,0,,정상
과목3,117,3과목_유통화장품안전관리_표준형.md,1919,EXACT,1919,0,,정상
과목3,118,화장품법 시행규칙(총리령)(제02109호)(20260402).md,815,EXACT,815,0,,정상
과목3,119,3과목_유통화장품안전관리_표준형.md,614,EXACT,614,0,,정상
과목3,120,3과목_유통화장품안전관리_표준형.md,562,EXACT,562,0,,정상
과목3,121,3과목_유통화장품안전관리_표준형.md,1798,EXACT,1798,0,,정상
과목3,122,우수화장품 제조 및 품질관리기준(식품의약품안전처고시)(제2024-46호)(20240822).md,387,WRONGFILE_다른파일,691,,실제: 3과목_유통화장품안전관리_표준형.md L691 ,교정필요(파일오류)
과목3,123,3과목_유통화장품안전관리_표준형.md,1370,EXACT,1370,0,,정상
과목3,124,화장품법 시행규칙(총리령)(제02109호)(20260402).md,863,EXACT,863,0,,정상
과목3,125,3과목_유통화장품안전관리_표준형.md,1414,EXACT,1414,0,,정상
과목3,126,우수화장품 제조 및 품질관리기준(식품의약품안전처고시)(제2024-46호)(20240822).md,405,EXACT,405,0,,정상
과목3,127,3과목_유통화장품안전관리_표준형.md,1798,EXACT,1798,0,,정상
과목3,128,우수화장품 제조 및 품질관리기준(식품의약품안전처고시)(제2024-46호)(20240822).md,197,EXACT,197,0,,정상
과목3,129,3과목_유통화장품안전관리_표준형.md,2160,EXACT,2160,0,,정상
과목3,130,우수화장품 제조 및 품질관리기준(식품의약품안전처고시)(제2024-46호)(20240822).md,105,EXACT,105,0,,정상
과목3,131,3과목_유통화장품안전관리_표준형.md,1798,EXACT,1798,0,,정상
과목3,132,기능성화장품 기준 및 시험방법(식품의약품안전처고시)(제2025-89호)(20251216).md,27313,EXACT,27313,0,,정상
과목3,133,3과목_유통화장품안전관리_표준형.md,1795,EXACT,1795,0,,정상
과목3,134,3과목_유통화장품안전관리_표준형.md,614,EXACT,614,0,,정상
과목3,135,우수화장품 제조 및 품질관리기준(식품의약품안전처고시)(제2024-46호)(20240822).md,197,EXACT,197,0,,정상
과목3,136,3과목_유통화장품안전관리_표준형.md,312,EXACT,312,0,,정상
과목3,137,3과목_유통화장품안전관리_표준형.md,2815,EXACT,2815,0,,정상
과목3,138,3과목_유통화장품안전관리_표준형.md,2696,EXACT,2696,0,,정상
과목3,139,화장품법 시행규칙(총리령)(제02109호)(20260402).md,885,EXACT,885,0,,정상
과목3,140,3과목_유통화장품안전관리_표준형.md,614,EXACT,614,0,,정상
과목3,141,기능성화장품 기준 및 시험방법(식품의약품안전처고시)(제2025-89호)(20251216).md,27313,EXACT,27313,0,,정상
과목3,142,3과목_유통화장품안전관리_표준형.md,1996,EXACT,1996,0,,정상
과목3,143,3과목_유통화장품안전관리_표준형.md,2815,EXACT,2815,0,,정상
과목3,144,우수화장품 제조 및 품질관리기준(식품의약품안전처고시)(제2024-46호)(20240822).md,795,EXACT,795,0,,정상
과목3,145,우수화장품 제조 및 품질관리기준(식품의약품안전처고시)(제2024-46호)(20240822).md,387,WRONGFILE_다른파일,691,,실제: 3과목_유통화장품안전관리_표준형.md L691 ,교정필요(파일오류)
과목3,146,우수화장품 제조 및 품질관리기준(식품의약품안전처고시)(제2024-46호)(20240822).md,169,EXACT,169,0,,정상
과목3,147,3과목_유통화장품안전관리_표준형.md,1100,EXACT,1100,0,,정상
과목3,148,화장품법 시행규칙(총리령)(제02109호)(20260402).md,1517,EXACT,1517,0,,정상
과목3,149,우수화장품 제조 및 품질관리기준(식품의약품안전처고시)(제2024-46호)(20240822).md,385,EXACT,385,0,,정상
과목3,150,3과목_유통화장품안전관리_표준형.md,1986,EXACT,1986,0,,정상
과목3,151,3과목_유통화장품안전관리_표준형.md,1992,EXACT,1992,0,,정상
과목3,152,3과목_유통화장품안전관리_표준형.md,1985,EXACT,1985,0,,정상
과목3,153,3과목_유통화장품안전관리_표준형.md,1997,EXACT,1997,0,,정상
과목3,154,우수화장품 제조 및 품질관리기준(식품의약품안전처고시)(제2024-46호)(20240822).md,197,EXACT,197,0,,정상
과목3,155,3과목_유통화장품안전관리_표준형.md,1989,EXACT,1989,0,,정상
과목3,156,3과목_유통화장품안전관리_표준형.md,2315,SHORT_RAT,2315,,근거 짧음,정상(짧은근거/계산)
과목3,157,3과목_유통화장품안전관리_표준형.md,2372,EXACT,2372,0,,정상
과목3,158,3과목_유통화장품안전관리_표준형.md,2380,EXACT,2380,0,,정상
과목3,159,3과목_유통화장품안전관리_표준형.md,2383,EXACT,2383,0,,정상
과목3,160,화장품법 시행규칙(총리령)(제02109호)(20260402).md,885,EXACT,885,0,,정상
과목3,161,3과목_유통화장품안전관리_표준형.md,1987,EXACT,1987,0,,정상
과목3,162,3과목_유통화장품안전관리_표준형.md,1990,EXACT,1990,0,,정상
과목3,163,3과목_유통화장품안전관리_표준형.md,1996,EXACT,1996,0,,정상
과목3,164,3과목_유통화장품안전관리_표준형.md,1994,EXACT,1994,0,,정상
과목3,165,3과목_유통화장품안전관리_표준형.md,1993,EXACT,1993,0,,정상
과목3,166,우수화장품 제조 및 품질관리기준(식품의약품안전처고시)(제2024-46호)(20240822).md,187,EXACT,187,0,,정상
과목3,167,3과목_유통화장품안전관리_표준형.md,1988,EXACT,1988,0,,정상
과목3,168,3과목_유통화장품안전관리_표준형.md,2358,EXACT,2358,0,,정상
과목3,169,3과목_유통화장품안전관리_표준형.md,2340,EXACT,2340,0,,정상
과목3,170,3과목_유통화장품안전관리_표준형.md,2553,EXACT,2553,0,,정상
과목3,171,3과목_유통화장품안전관리_표준형.md,2770,EXACT,2770,0,,정상
과목3,172,3과목_유통화장품안전관리_표준형.md,652,EXACT,652,0,,정상
과목3,173,3과목_유통화장품안전관리_표준형.md,655,EXACT,655,0,,정상
과목3,174,3과목_유통화장품안전관리_표준형.md,594,EXACT,594,0,,정상
과목3,175,3과목_유통화장품안전관리_표준형.md,2049,EXACT,2049,0,,정상
과목3,176,3과목_유통화장품안전관리_표준형.md,2594,EXACT,2594,0,,정상
과목3,177,3과목_유통화장품안전관리_표준형.md,2584,EXACT,2584,0,,정상
과목3,178,3과목_유통화장품안전관리_표준형.md,1795,EXACT,1795,0,,정상
과목3,179,3과목_유통화장품안전관리_표준형.md,2891,WRONGLINE_같은파일,2901,10,올바른 줄=L2901 ,경미(헤더offset)
과목3,180,3과목_유통화장품안전관리_표준형.md,154,EXACT,154,0,,정상
과목3,181,3과목_유통화장품안전관리_표준형.md,2604,EXACT,2604,0,,정상
과목3,182,3과목_유통화장품안전관리_표준형.md,1392,EXACT,1392,0,,정상
과목3,183,3과목_유통화장품안전관리_표준형.md,2586,EXACT,2586,0,,정상
과목3,184,3과목_유통화장품안전관리_표준형.md,592,EXACT,592,0,,정상
과목3,185,3과목_유통화장품안전관리_표준형.md,1791,EXACT,1791,0,,정상
과목3,186,3과목_유통화장품안전관리_표준형.md,1328,EXACT,1328,0,,정상
과목3,187,화장품법 시행규칙(총리령)(제02109호)(20260402).md,1329,EXACT,1329,0,,정상
과목3,188,우수화장품 제조 및 품질관리기준(식품의약품안전처고시)(제2024-46호)(20240822).md,219,EXACT,219,0,,정상
과목3,189,3과목_유통화장품안전관리_표준형.md,1970,EXACT,1970,0,,정상
과목3,190,화장품 안전기준 등에 관한 규정(식품의약품안전처고시)(제2026-19호)(20260318).md,89,WRONGFILE_다른파일,2042,,실제: 3과목_유통화장품안전관리_표준형.md L2042 ,교정필요(파일오류)
과목3,191,3과목_유통화장품안전관리_표준형.md,594,EXACT,594,0,,정상
과목3,192,3과목_유통화장품안전관리_표준형.md,790,EXACT,790,0,,정상
과목3,193,화장품법 시행규칙(총리령)(제02109호)(20260402).md,1821,EXACT,1821,0,,정상
과목3,194,3과목_유통화장품안전관리_표준형.md,1797,EXACT,1797,0,,정상
과목3,195,3과목_유통화장품안전관리_표준형.md,1499,EXACT,1499,0,,정상
과목3,196,3과목_유통화장품안전관리_표준형.md,1798,EXACT,1798,0,,정상
과목3,197,3과목_유통화장품안전관리_표준형.md,1963,EXACT,1963,0,,정상
과목3,198,3과목_유통화장품안전관리_표준형.md,2553,EXACT,2553,0,,정상
과목3,199,3과목_유통화장품안전관리_표준형.md,2818,EXACT,2818,0,,정상
과목3,200,3과목_유통화장품안전관리_표준형.md,639,EXACT,639,0,,정상
과목3,201,3과목_유통화장품안전관리_표준형.md,592,EXACT,592,0,,정상
과목3,202,3과목_유통화장품안전관리_표준형.md,1499,EXACT,1499,0,,정상
과목3,203,3과목_유통화장품안전관리_표준형.md,1863,EXACT,1863,0,,정상
과목3,204,3과목_유통화장품안전관리_표준형.md,76,EXACT,76,0,,정상
과목3,205,3과목_유통화장품안전관리_표준형.md,593,EXACT,593,0,,정상
과목3,206,3과목_유통화장품안전관리_표준형.md,3437,EXACT,3437,0,,정상
과목3,207,화장품법 시행규칙(총리령)(제02109호)(20260402).md,1309,EXACT,1309,0,,정상
과목3,208,3과목_유통화장품안전관리_표준형.md,2604,EXACT,2604,0,,정상
과목3,209,3과목_유통화장품안전관리_표준형.md,2744,NOTFOUND_재작성,2744,,원문 미발견(요약형) ,참고(요약형근거)
과목3,210,3과목_유통화장품안전관리_표준형.md,2588,EXACT,2588,0,,정상
과목3,211,3과목_유통화장품안전관리_표준형.md,2457,EXACT,2457,0,,정상
과목3,212,3과목_유통화장품안전관리_표준형.md,1798,EXACT,1798,0,,정상
과목3,213,3과목_유통화장품안전관리_표준형.md,67,EXACT,67,0,,정상
과목3,214,3과목_유통화장품안전관리_표준형.md,3446,EXACT,3446,0,,정상
과목3,215,3과목_유통화장품안전관리_표준형.md,2553,EXACT,2553,0,,정상
과목3,216,3과목_유통화장품안전관리_표준형.md,70,EXACT,70,0,,정상
과목3,217,3과목_유통화장품안전관리_표준형.md,1088,EXACT,1088,0,,정상
과목3,218,3과목_유통화장품안전관리_표준형.md,2304,EXACT,2304,0,,정상
과목3,219,3과목_유통화장품안전관리_표준형.md,1862,EXACT,1862,0,,정상
과목3,220,3과목_유통화장품안전관리_표준형.md,2132,EXACT,2132,0,,정상
과목3,221,화장품법 시행규칙(총리령)(제02109호)(20260402).md,1351,EXACT,1351,0,,정상
과목3,222,3과목_유통화장품안전관리_표준형.md,1795,EXACT,1795,0,,정상
과목3,223,3과목_유통화장품안전관리_표준형.md,4629,EXACT,4629,0,,정상
과목3,224,화장품법 시행규칙(총리령)(제02109호)(20260402).md,1353,EXACT,1353,0,,정상
과목3,225,3과목_유통화장품안전관리_표준형.md,2933,WRONGLINE_같은파일,2942,9,올바른 줄=L2942 ,경미(헤더offset)
과목3,226,3과목_유통화장품안전관리_표준형.md,2584,EXACT,2584,0,,정상
과목3,227,3과목_유통화장품안전관리_표준형.md,652,EXACT,652,0,,정상
과목3,228,3과목_유통화장품안전관리_표준형.md,1826,EXACT,1826,0,,정상
과목3,229,3과목_유통화장품안전관리_표준형.md,156,EXACT,156,0,,정상
과목3,230,3과목_유통화장품안전관리_표준형.md,160,EXACT,160,0,,정상
과목3,231,3과목_유통화장품안전관리_표준형.md,1111,EXACT,1111,0,,정상
과목3,232,우수화장품 제조 및 품질관리기준(식품의약품안전처고시)(제2024-46호)(20240822).md,197,EXACT,197,0,,정상
과목3,233,3과목_유통화장품안전관리_표준형.md,1328,EXACT,1328,0,,정상
과목3,234,3과목_유통화장품안전관리_표준형.md,2580,EXACT,2580,0,,정상
과목3,235,3과목_유통화장품안전관리_표준형.md,2856,EXACT,2856,0,,정상
과목3,236,3과목_유통화장품안전관리_표준형.md,1826,EXACT,1826,0,,정상
과목3,237,우수화장품 제조 및 품질관리기준(식품의약품안전처고시)(제2024-46호)(20240822).md,803,EXACT,803,0,,정상
과목3,238,3과목_유통화장품안전관리_표준형.md,1795,EXACT,1795,0,,정상
과목3,239,3과목_유통화장품안전관리_표준형.md,614,EXACT,614,0,,정상
과목3,240,우수화장품 제조 및 품질관리기준(식품의약품안전처고시)(제2024-46호)(20240822).md,197,EXACT,197,0,,정상
과목3,241,3과목_유통화장품안전관리_표준형.md,1260,EXACT,1260,0,,정상
과목3,242,3과목_유통화장품안전관리_표준형.md,3416,EXACT,3416,0,,정상
과목3,243,3과목_유통화장품안전관리_표준형.md,1997,EXACT,1997,0,,정상
과목3,244,3과목_유통화장품안전관리_표준형.md,593,EXACT,593,0,,정상
과목3,245,3과목_유통화장품안전관리_표준형.md,3053,EXACT,3053,0,,정상
과목3,246,우수화장품 제조 및 품질관리기준(식품의약품안전처고시)(제2024-46호)(20240822).md,179,EXACT,179,0,,정상
과목3,247,화장품법 시행규칙(총리령)(제02109호)(20260402).md,863,EXACT,863,0,,정상
과목3,248,우수화장품 제조 및 품질관리기준(식품의약품안전처고시)(제2024-46호)(20240822).md,197,EXACT,197,0,,정상
과목3,249,화장품 안전기준 등에 관한 규정(식품의약품안전처고시)(제2026-19호)(20260318).md,43,EXACT,43,0,,정상
과목3,250,3과목_유통화장품안전관리_표준형.md,2618,EXACT,2618,0,,정상
과목4,1,화장품법(법률)(제20901호)(20260402).md,399,WRONGFILE_다른파일,873,,실제: 1과목_화장품법의이해_표준형.md L873 ,교정필요(파일오류)
과목4,2,화장품법(법률)(제20901호)(20260402).md,647,EXACT,647,0,,정상
과목4,3,4과목_맞춤형화장품의이해_표준형.md,1145,EXACT,1145,0,,정상
과목4,4,4과목_맞춤형화장품의이해_표준형.md,1149,EXACT,1149,0,,정상
과목4,5,4과목_맞춤형화장품의이해_표준형.md,1146,EXACT,1146,0,,정상
과목4,6,4과목_맞춤형화장품의이해_표준형.md,1145,EXACT,1145,0,,정상
과목4,7,4과목_맞춤형화장품의이해_표준형.md,1145,EXACT,1145,0,,정상
과목4,8,4과목_맞춤형화장품의이해_표준형.md,1145,EXACT,1145,0,,정상
과목4,9,4과목_맞춤형화장품의이해_표준형.md,1567,EXACT,1567,0,,정상
과목4,10,4과목_맞춤형화장품의이해_표준형.md,1392,EXACT,1392,0,,정상
과목4,11,4과목_맞춤형화장품의이해_표준형.md,1145,EXACT,1145,0,,정상
과목4,12,4과목_맞춤형화장품의이해_표준형.md,604,EXACT,604,0,,정상
과목4,13,화장품법(법률)(제20901호)(20260402).md,647,EXACT,647,0,,정상
과목4,14,화장품법 시행규칙(총리령)(제02109호)(20260402).md,1119,EXACT,1119,0,,정상
과목4,15,4과목_맞춤형화장품의이해_표준형.md,654,EXACT,654,0,,정상
과목4,16,화장품법(법률)(제20901호)(20260402).md,647,EXACT,647,0,,정상
과목4,17,4과목_맞춤형화장품의이해_표준형.md,610,EXACT,610,0,,정상
과목4,18,화장품법(법률)(제20901호)(20260402).md,647,EXACT,647,0,,정상
과목4,19,4과목_맞춤형화장품의이해_표준형.md,1145,EXACT,1145,0,,정상
과목4,20,4과목_맞춤형화장품의이해_표준형.md,4155,EXACT,4155,0,,정상
과목4,21,4과목_맞춤형화장품의이해_표준형.md,1182,EXACT,1182,0,,정상
과목4,22,4과목_맞춤형화장품의이해_표준형.md,1200,EXACT,1200,0,,정상
과목4,23,4과목_맞춤형화장품의이해_표준형.md,1200,EXACT,1200,0,,정상
과목4,24,4과목_맞춤형화장품의이해_표준형.md,1145,EXACT,1145,0,,정상
과목4,25,4과목_맞춤형화장품의이해_표준형.md,1149,EXACT,1149,0,,정상
과목4,26,화장품법 시행규칙(총리령)(제02109호)(20260402).md,1119,EXACT,1119,0,,정상
과목4,27,화장품법(법률)(제20901호)(20260402).md,647,EXACT,647,0,,정상
과목4,28,4과목_맞춤형화장품의이해_표준형.md,610,EXACT,610,0,,정상
과목4,29,4과목_맞춤형화장품의이해_표준형.md,123,EXACT,123,0,,정상
과목4,30,4과목_맞춤형화장품의이해_표준형.md,604,EXACT,604,0,,정상
과목4,31,4과목_맞춤형화장품의이해_표준형.md,1183,EXACT,1183,0,,정상
과목4,32,4과목_맞춤형화장품의이해_표준형.md,4155,EXACT,4155,0,,정상
과목4,33,화장품법(법률)(제20901호)(20260402).md,647,EXACT,647,0,,정상
과목4,34,4과목_맞춤형화장품의이해_표준형.md,2415,EXACT,2415,0,,정상
과목4,35,4과목_맞춤형화장품의이해_표준형.md,1200,EXACT,1200,0,,정상
과목4,36,화장품법(법률)(제20901호)(20260402).md,647,EXACT,647,0,,정상
과목4,37,4과목_맞춤형화장품의이해_표준형.md,1364,EXACT,1364,0,,정상
과목4,38,화장품법 시행규칙(총리령)(제02109호)(20260402).md,1119,EXACT,1119,0,,정상
과목4,39,4과목_맞춤형화장품의이해_표준형.md,1145,EXACT,1145,0,,정상
과목4,40,화장품법(법률)(제20901호)(20260402).md,647,EXACT,647,0,,정상
과목4,41,4과목_맞춤형화장품의이해_표준형.md,658,EXACT,658,0,,정상
과목4,42,4과목_맞춤형화장품의이해_표준형.md,1200,EXACT,1200,0,,정상
과목4,43,4과목_맞춤형화장품의이해_표준형.md,1182,EXACT,1182,0,,정상
과목4,44,4과목_맞춤형화장품의이해_표준형.md,597,EXACT,597,0,,정상
과목4,45,4과목_맞춤형화장품의이해_표준형.md,1436,EXACT,1436,0,,정상
과목4,46,화장품 안전기준 등에 관한 규정(식품의약품안전처고시)(제2026-19호)(20260318).md,43,EXACT,43,0,,정상
과목4,47,4과목_맞춤형화장품의이해_표준형.md,1165,EXACT,1165,0,,정상
과목4,48,4과목_맞춤형화장품의이해_표준형.md,1113,EXACT,1113,0,,정상
과목4,49,4과목_맞춤형화장품의이해_표준형.md,2956,EXACT,2956,0,,정상
과목4,50,화장품법(법률)(제20901호)(20260402).md,449,EXACT,449,0,,정상
과목4,51,4과목_맞춤형화장품의이해_표준형.md,1200,EXACT,1200,0,,정상
과목4,52,4과목_맞춤형화장품의이해_표준형.md,1392,EXACT,1392,0,,정상
과목4,53,4과목_맞춤형화장품의이해_표준형.md,597,EXACT,597,0,,정상
과목4,54,4과목_맞춤형화장품의이해_표준형.md,672,EXACT,672,0,,정상
과목4,55,4과목_맞춤형화장품의이해_표준형.md,1442,EXACT,1442,0,,정상
과목4,56,4과목_맞춤형화장품의이해_표준형.md,2414,EXACT,2414,0,,정상
과목4,57,4과목_맞춤형화장품의이해_표준형.md,1149,EXACT,1149,0,,정상
과목4,58,4과목_맞춤형화장품의이해_표준형.md,1345,EXACT,1345,0,,정상
과목4,59,4과목_맞춤형화장품의이해_표준형.md,658,EXACT,658,0,,정상
과목4,60,4과목_맞춤형화장품의이해_표준형.md,2415,EXACT,2415,0,,정상
과목4,61,4과목_맞춤형화장품의이해_표준형.md,1183,EXACT,1183,0,,정상
과목4,62,4과목_맞춤형화장품의이해_표준형.md,1379,SHORT_RAT,1379,,근거 짧음,정상(짧은근거/계산)
과목4,63,4과목_맞춤형화장품의이해_표준형.md,2822,EXACT,2822,0,,정상
과목4,64,화장품법 시행규칙(총리령)(제02109호)(20260402).md,1119,EXACT,1119,0,,정상
과목4,65,4과목_맞춤형화장품의이해_표준형.md,1436,EXACT,1436,0,,정상
과목4,66,4과목_맞춤형화장품의이해_표준형.md,727,WRONGLINE_같은파일,737,10,올바른 줄=L737 ,경미(헤더offset)
과목4,67,4과목_맞춤형화장품의이해_표준형.md,1151,EXACT,1151,0,,정상
과목4,68,4과목_맞춤형화장품의이해_표준형.md,1345,EXACT,1345,0,,정상
과목4,69,4과목_맞춤형화장품의이해_표준형.md,2956,EXACT,2956,0,,정상
과목4,70,화장품법 시행규칙(총리령)(제02109호)(20260402).md,1119,EXACT,1119,0,,정상
과목4,71,4과목_맞춤형화장품의이해_표준형.md,1117,EXACT,1117,0,,정상
과목4,72,4과목_맞춤형화장품의이해_표준형.md,1345,EXACT,1345,0,,정상
과목4,73,4과목_맞춤형화장품의이해_표준형.md,2822,EXACT,2822,0,,정상
과목4,74,화장품 안전기준 등에 관한 규정(식품의약품안전처고시)(제2026-19호)(20260318).md,43,EXACT,43,0,,정상
과목4,75,4과목_맞춤형화장품의이해_표준형.md,604,EXACT,604,0,,정상
과목4,76,4과목_맞춤형화장품의이해_표준형.md,2371,EXACT,2371,0,,정상
과목4,77,4과목_맞춤형화장품의이해_표준형.md,1184,EXACT,1184,0,,정상
과목4,78,4과목_맞춤형화장품의이해_표준형.md,1345,EXACT,1345,0,,정상
과목4,79,4과목_맞춤형화장품의이해_표준형.md,2956,EXACT,2956,0,,정상
과목4,80,4과목_맞춤형화장품의이해_표준형.md,2357,EXACT,2357,0,,정상
과목4,81,4과목_맞춤형화장품의이해_표준형.md,1184,EXACT,1184,0,,정상
과목4,82,4과목_맞춤형화장품의이해_표준형.md,612,EXACT,612,0,,정상
과목4,83,4과목_맞춤형화장품의이해_표준형.md,1199,EXACT,1199,0,,정상
과목4,84,4과목_맞춤형화장품의이해_표준형.md,597,EXACT,597,0,,정상
과목4,85,4과목_맞춤형화장품의이해_표준형.md,604,EXACT,604,0,,정상
과목4,86,4과목_맞춤형화장품의이해_표준형.md,1200,EXACT,1200,0,,정상
과목4,87,4과목_맞춤형화장품의이해_표준형.md,826,EXACT,826,0,,정상
과목4,88,4과목_맞춤형화장품의이해_표준형.md,506,EXACT,506,0,,정상
과목4,89,4과목_맞춤형화장품의이해_표준형.md,1466,EXACT,1466,0,,정상
과목4,90,4과목_맞춤형화장품의이해_표준형.md,1148,EXACT,1148,0,,정상
과목4,91,4과목_맞춤형화장품의이해_표준형.md,1115,EXACT,1115,0,,정상
과목4,92,4과목_맞춤형화장품의이해_표준형.md,1117,EXACT,1117,0,,정상
과목4,93,화장품법(법률)(제20901호)(20260402).md,399,WRONGFILE_다른파일,873,,실제: 1과목_화장품법의이해_표준형.md L873 ,교정필요(파일오류)
과목4,94,4과목_맞춤형화장품의이해_표준형.md,1388,SHORT_RAT,1388,,근거 짧음,정상(짧은근거/계산)
과목4,95,4과목_맞춤형화장품의이해_표준형.md,3140,EXACT,3140,0,,정상
과목4,96,4과목_맞춤형화장품의이해_표준형.md,1183,EXACT,1183,0,,정상
과목4,97,4과목_맞춤형화장품의이해_표준형.md,1200,EXACT,1200,0,,정상
과목4,98,4과목_맞춤형화장품의이해_표준형.md,672,EXACT,672,0,,정상
과목4,99,4과목_맞춤형화장품의이해_표준형.md,2551,EXACT,2551,0,,정상
과목4,100,4과목_맞춤형화장품의이해_표준형.md,994,EXACT,994,0,,정상
과목4,101,4과목_맞춤형화장품의이해_표준형.md,1616,EXACT,1616,0,,정상
과목4,102,4과목_맞춤형화장품의이해_표준형.md,2415,EXACT,2415,0,,정상
과목4,103,4과목_맞춤형화장품의이해_표준형.md,2557,EXACT,2557,0,,정상
과목4,104,4과목_맞춤형화장품의이해_표준형.md,2754,EXACT,2754,0,,정상
과목4,105,4과목_맞춤형화장품의이해_표준형.md,654,EXACT,654,0,,정상
과목4,106,화장품 안전기준 등에 관한 규정(식품의약품안전처고시)(제2026-19호)(20260318).md,21,EXACT,21,0,,정상
과목4,107,4과목_맞춤형화장품의이해_표준형.md,2952,EXACT,2952,0,,정상
과목4,108,4과목_맞춤형화장품의이해_표준형.md,1534,EXACT,1534,0,,정상
과목4,109,4과목_맞춤형화장품의이해_표준형.md,612,EXACT,612,0,,정상
과목4,110,4과목_맞춤형화장품의이해_표준형.md,851,EXACT,851,0,,정상
과목4,111,4과목_맞춤형화장품의이해_표준형.md,1534,EXACT,1534,0,,정상
과목4,112,4과목_맞춤형화장품의이해_표준형.md,3335,EXACT,3335,0,,정상
과목4,113,4과목_맞춤형화장품의이해_표준형.md,1451,EXACT,1451,0,,정상
과목4,114,4과목_맞춤형화장품의이해_표준형.md,2633,EXACT,2633,0,,정상
과목4,115,4과목_맞춤형화장품의이해_표준형.md,1351,EXACT,1351,0,,정상
과목4,116,4과목_맞춤형화장품의이해_표준형.md,2080,EXACT,2080,0,,정상
과목4,117,4과목_맞춤형화장품의이해_표준형.md,1442,EXACT,1442,0,,정상
과목4,118,화장품법 시행규칙(총리령)(제02109호)(20260402).md,511,EXACT,511,0,,정상
과목4,119,화장품법(법률)(제20901호)(20260402).md,399,WRONGFILE_다른파일,873,,실제: 1과목_화장품법의이해_표준형.md L873 ,교정필요(파일오류)
과목4,120,화장품법 시행규칙(총리령)(제02109호)(20260402).md,1115,EXACT,1115,0,,정상
과목4,121,4과목_맞춤형화장품의이해_표준형.md,2425,EXACT,2425,0,,정상
과목4,122,4과목_맞춤형화장품의이해_표준형.md,1151,EXACT,1151,0,,정상
과목4,123,4과목_맞춤형화장품의이해_표준형.md,1375,EXACT,1375,0,,정상
과목4,124,4과목_맞춤형화장품의이해_표준형.md,1184,EXACT,1184,0,,정상
과목4,125,4과목_맞춤형화장품의이해_표준형.md,1145,NOTFOUND_재작성,1145,,원문 미발견(요약형) ,참고(요약형근거)
과목4,126,4과목_맞춤형화장품의이해_표준형.md,1379,SHORT_RAT,1379,,근거 짧음,정상(짧은근거/계산)
과목4,127,4과목_맞춤형화장품의이해_표준형.md,1148,EXACT,1148,0,,정상
과목4,128,4과목_맞춤형화장품의이해_표준형.md,4494,EXACT,4494,0,,정상
과목4,129,4과목_맞춤형화장품의이해_표준형.md,610,EXACT,610,0,,정상
과목4,130,화장품법 시행규칙(총리령)(제02109호)(20260402).md,1123,EXACT,1123,0,,정상
과목4,131,4과목_맞춤형화장품의이해_표준형.md,1165,EXACT,1165,0,,정상
과목4,132,4과목_맞춤형화장품의이해_표준형.md,2414,EXACT,2414,0,,정상
과목4,133,4과목_맞춤형화장품의이해_표준형.md,2956,EXACT,2956,0,,정상
과목4,134,4과목_맞춤형화장품의이해_표준형.md,2956,EXACT,2956,0,,정상
과목4,135,4과목_맞춤형화장품의이해_표준형.md,1224,EXACT,1224,0,,정상
과목4,136,4과목_맞춤형화장품의이해_표준형.md,2464,EXACT,2464,0,,정상
과목4,137,4과목_맞춤형화장품의이해_표준형.md,2806,EXACT,2806,0,,정상
과목4,138,화장품법 시행규칙(총리령)(제02109호)(20260402).md,1441,EXACT,1441,0,,정상
과목4,139,4과목_맞춤형화장품의이해_표준형.md,1370,EXACT,1370,0,,정상
과목4,140,4과목_맞춤형화장품의이해_표준형.md,1388,SHORT_RAT,1388,,근거 짧음,정상(짧은근거/계산)
과목4,141,4과목_맞춤형화장품의이해_표준형.md,601,EXACT,601,0,,정상
과목4,142,2과목_제조및품질관리_표준형.md,1091,NOTFOUND_재작성,1091,,원문 미발견(요약형) ,참고(요약형근거)
과목4,143,4과목_맞춤형화장품의이해_표준형.md,2671,EXACT,2671,0,,정상
과목4,144,4과목_맞춤형화장품의이해_표준형.md,1223,EXACT,1223,0,,정상
과목4,145,4과목_맞춤형화장품의이해_표준형.md,619,EXACT,619,0,,정상
과목4,146,4과목_맞춤형화장품의이해_표준형.md,1567,EXACT,1567,0,,정상
과목4,147,4과목_맞춤형화장품의이해_표준형.md,2633,EXACT,2633,0,,정상
과목4,148,4과목_맞춤형화장품의이해_표준형.md,1451,EXACT,1451,0,,정상
과목4,149,4과목_맞춤형화장품의이해_표준형.md,600,EXACT,600,0,,정상
과목4,150,4과목_맞춤형화장품의이해_표준형.md,619,EXACT,619,0,,정상
과목4,151,4과목_맞춤형화장품의이해_표준형.md,2418,EXACT,2418,0,,정상
과목4,152,화장품법(법률)(제20901호)(20260402).md,349,EXACT,349,0,,정상
과목4,153,4과목_맞춤형화장품의이해_표준형.md,1392,EXACT,1392,0,,정상
과목4,154,4과목_맞춤형화장품의이해_표준형.md,1184,EXACT,1184,0,,정상
과목4,155,4과목_맞춤형화장품의이해_표준형.md,558,EXACT,558,0,,정상
과목4,156,기능성화장품 심사에 관한 규정(식품의약품안전처고시)(제2025-88호)(20251216).md,2635,EXACT,2635,0,,정상
과목4,157,4과목_맞춤형화장품의이해_표준형.md,1183,EXACT,1183,0,,정상
과목4,158,4과목_맞춤형화장품의이해_표준형.md,2211,EXACT,2211,0,,정상
과목4,159,4과목_맞춤형화장품의이해_표준형.md,1683,EXACT,1683,0,,정상
과목4,160,4과목_맞춤형화장품의이해_표준형.md,2786,EXACT,2786,0,,정상
과목4,161,4과목_맞춤형화장품의이해_표준형.md,1442,EXACT,1442,0,,정상
과목4,162,4과목_맞춤형화장품의이해_표준형.md,610,EXACT,610,0,,정상
과목4,163,4과목_맞춤형화장품의이해_표준형.md,2555,EXACT,2555,0,,정상
과목4,164,기능성화장품 심사에 관한 규정(식품의약품안전처고시)(제2025-88호)(20251216).md,225,WRONGLINE_같은파일,221,-4,올바른 줄=L221 ,경미(헤더offset)
과목4,165,4과목_맞춤형화장품의이해_표준형.md,3295,EXACT,3295,0,,정상
과목4,166,4과목_맞춤형화장품의이해_표준형.md,1232,EXACT,1232,0,,정상
과목4,167,4과목_맞춤형화장품의이해_표준형.md,2784,EXACT,2784,0,,정상
과목4,168,4과목_맞춤형화장품의이해_표준형.md,1337,NOTFOUND_재작성,1337,,원문 미발견(요약형) ,참고(요약형근거)
과목4,169,4과목_맞춤형화장품의이해_표준형.md,123,EXACT,123,0,,정상
과목4,170,4과목_맞춤형화장품의이해_표준형.md,95,EXACT,95,0,,정상
과목4,171,4과목_맞춤형화장품의이해_표준형.md,1114,EXACT,1114,0,,정상
과목4,172,4과목_맞춤형화장품의이해_표준형.md,2797,EXACT,2797,0,,정상
과목4,173,4과목_맞춤형화장품의이해_표준형.md,604,EXACT,604,0,,정상
과목4,174,4과목_맞춤형화장품의이해_표준형.md,1208,EXACT,1208,0,,정상
과목4,175,4과목_맞춤형화장품의이해_표준형.md,611,EXACT,611,0,,정상
과목4,176,4과목_맞춤형화장품의이해_표준형.md,1145,EXACT,1145,0,,정상
과목4,177,4과목_맞춤형화장품의이해_표준형.md,604,EXACT,604,0,,정상
과목4,178,4과목_맞춤형화장품의이해_표준형.md,604,EXACT,604,0,,정상
과목4,179,4과목_맞춤형화장품의이해_표준형.md,1396,EXACT,1396,0,,정상
과목4,180,4과목_맞춤형화장품의이해_표준형.md,96,EXACT,96,0,,정상
과목4,181,4과목_맞춤형화장품의이해_표준형.md,653,EXACT,653,0,,정상
과목4,182,4과목_맞춤형화장품의이해_표준형.md,597,EXACT,597,0,,정상
과목4,183,4과목_맞춤형화장품의이해_표준형.md,1114,EXACT,1114,0,,정상
과목4,184,화장품법(법률)(제20901호)(20260402).md,31,EXACT,31,0,,정상
과목4,185,4과목_맞춤형화장품의이해_표준형.md,658,EXACT,658,0,,정상
과목4,186,화장품법(법률)(제20901호)(20260402).md,33,EXACT,33,0,,정상
과목4,187,화장품법(법률)(제20901호)(20260402).md,399,WRONGFILE_다른파일,873,,실제: 1과목_화장품법의이해_표준형.md L873 ,교정필요(파일오류)
과목4,188,화장품법 시행규칙(총리령)(제02109호)(20260402).md,1149,EXACT,1149,0,,정상
과목4,189,4과목_맞춤형화장품의이해_표준형.md,1451,EXACT,1451,0,,정상
과목4,190,4과목_맞춤형화장품의이해_표준형.md,906,EXACT,906,0,,정상
과목4,191,4과목_맞춤형화장품의이해_표준형.md,133,EXACT,133,0,,정상
과목4,192,4과목_맞춤형화장품의이해_표준형.md,1686,EXACT,1686,0,,정상
과목4,193,4과목_맞춤형화장품의이해_표준형.md,597,EXACT,597,0,,정상
과목4,194,4과목_맞춤형화장품의이해_표준형.md,1466,EXACT,1466,0,,정상
과목4,195,4과목_맞춤형화장품의이해_표준형.md,494,EXACT,494,0,,정상
과목4,196,4과목_맞춤형화장품의이해_표준형.md,1366,EXACT,1366,0,,정상
과목4,197,화장품법(법률)(제20901호)(20260402).md,393,EXACT,393,0,,정상
과목4,198,4과목_맞춤형화장품의이해_표준형.md,1145,EXACT,1145,0,,정상
과목4,199,화장품법(법률)(제20901호)(20260402).md,349,EXACT,349,0,,정상
과목4,200,4과목_맞춤형화장품의이해_표준형.md,1130,EXACT,1130,0,,정상
과목4,201,화장품법(법률)(제20901호)(20260402).md,39,EXACT,39,0,,정상
과목4,202,4과목_맞춤형화장품의이해_표준형.md,1464,EXACT,1464,0,,정상
과목4,203,화장품법 시행규칙(총리령)(제02109호)(20260402).md,33,EXACT,33,0,,정상
과목4,204,4과목_맞춤형화장품의이해_표준형.md,1686,EXACT,1686,0,,정상
과목4,205,화장품법 시행규칙(총리령)(제02109호)(20260402).md,545,EXACT,545,0,,정상
과목4,206,4과목_맞춤형화장품의이해_표준형.md,1466,EXACT,1466,0,,정상
과목4,207,4과목_맞춤형화장품의이해_표준형.md,633,EXACT,633,0,,정상
과목4,208,4과목_맞춤형화장품의이해_표준형.md,1396,EXACT,1396,0,,정상
과목4,209,4과목_맞춤형화장품의이해_표준형.md,2160,EXACT,2160,0,,정상
과목4,210,4과목_맞춤형화장품의이해_표준형.md,1195,EXACT,1195,0,,정상
과목4,211,화장품법 시행규칙(총리령)(제02109호)(20260402).md,35,EXACT,35,0,,정상
과목4,212,4과목_맞춤형화장품의이해_표준형.md,725,EXACT,725,0,,정상
과목4,213,4과목_맞춤형화장품의이해_표준형.md,610,EXACT,610,0,,정상
과목4,214,4과목_맞춤형화장품의이해_표준형.md,2633,EXACT,2633,0,,정상
과목4,215,4과목_맞춤형화장품의이해_표준형.md,1117,EXACT,1117,0,,정상
과목4,216,4과목_맞춤형화장품의이해_표준형.md,2338,EXACT,2338,0,,정상
과목4,217,4과목_맞춤형화장품의이해_표준형.md,121,EXACT,121,0,,정상
과목4,218,화장품법(법률)(제20901호)(20260402).md,1177,EXACT,1177,0,,정상
과목4,219,4과목_맞춤형화장품의이해_표준형.md,1148,EXACT,1148,0,,정상
과목4,220,4과목_맞춤형화장품의이해_표준형.md,604,EXACT,604,0,,정상
과목4,221,4과목_맞춤형화장품의이해_표준형.md,2037,EXACT,2037,0,,정상
과목4,222,4과목_맞춤형화장품의이해_표준형.md,126,EXACT,126,0,,정상
과목4,223,4과목_맞춤형화장품의이해_표준형.md,576,EXACT,576,0,,정상
과목4,224,4과목_맞춤형화장품의이해_표준형.md,1185,EXACT,1185,0,,정상
과목4,225,화장품법(법률)(제20901호)(20260402).md,517,EXACT,517,0,,정상
과목4,226,4과목_맞춤형화장품의이해_표준형.md,1185,EXACT,1185,0,,정상
과목4,227,4과목_맞춤형화장품의이해_표준형.md,3295,EXACT,3295,0,,정상
과목4,228,4과목_맞춤형화장품의이해_표준형.md,1130,EXACT,1130,0,,정상
과목4,229,4과목_맞춤형화장품의이해_표준형.md,3451,EXACT,3451,0,,정상
과목4,230,4과목_맞춤형화장품의이해_표준형.md,1256,EXACT,1256,0,,정상
과목4,231,4과목_맞춤형화장품의이해_표준형.md,604,EXACT,604,0,,정상
과목4,232,4과목_맞춤형화장품의이해_표준형.md,1145,EXACT,1145,0,,정상
과목4,233,4과목_맞춤형화장품의이해_표준형.md,558,EXACT,558,0,,정상
과목4,234,4과목_맞춤형화장품의이해_표준형.md,1115,EXACT,1115,0,,정상
과목4,235,화장품법(법률)(제20901호)(20260402).md,521,EXACT,521,0,,정상
과목4,236,4과목_맞춤형화장품의이해_표준형.md,1466,EXACT,1466,0,,정상
과목4,237,4과목_맞춤형화장품의이해_표준형.md,613,EXACT,613,0,,정상
과목4,238,4과목_맞춤형화장품의이해_표준형.md,1466,EXACT,1466,0,,정상
과목4,239,4과목_맞춤형화장품의이해_표준형.md,614,EXACT,614,0,,정상
과목4,240,4과목_맞춤형화장품의이해_표준형.md,1165,EXACT,1165,0,,정상
과목4,241,시행규칙_별표7_행정처분기준.md,61,EXACT,61,0,,정상
과목4,242,4과목_맞춤형화장품의이해_표준형.md,128,EXACT,128,0,,정상
과목4,243,화장품법(법률)(제20901호)(20260402).md,399,WRONGFILE_다른파일,873,,실제: 1과목_화장품법의이해_표준형.md L873 ,교정필요(파일오류)
과목4,244,4과목_맞춤형화장품의이해_표준형.md,1442,EXACT,1442,0,,정상
과목4,245,4과목_맞춤형화장품의이해_표준형.md,2754,EXACT,2754,0,,정상
과목4,246,4과목_맞춤형화장품의이해_표준형.md,1464,EXACT,1464,0,,정상
과목4,247,4과목_맞춤형화장품의이해_표준형.md,2786,EXACT,2786,0,,정상
과목4,248,4과목_맞춤형화장품의이해_표준형.md,2414,EXACT,2414,0,,정상
과목4,249,4과목_맞춤형화장품의이해_표준형.md,1567,EXACT,1567,0,,정상
과목4,250,화장품법 시행규칙(총리령)(제02109호)(20260402).md,1441,EXACT,1441,0,,정상
과목4,251,4과목_맞춤형화장품의이해_표준형.md,984,EXACT,984,0,,정상
과목4,252,4과목_맞춤형화장품의이해_표준형.md,558,EXACT,558,0,,정상
과목4,253,4과목_맞춤형화장품의이해_표준형.md,1464,EXACT,1464,0,,정상
과목4,254,4과목_맞춤형화장품의이해_표준형.md,2464,EXACT,2464,0,,정상
과목4,255,4과목_맞춤형화장품의이해_표준형.md,2425,EXACT,2425,0,,정상
과목4,256,4과목_맞춤형화장품의이해_표준형.md,853,EXACT,853,0,,정상
과목4,257,4과목_맞춤형화장품의이해_표준형.md,619,EXACT,619,0,,정상
과목4,258,4과목_맞춤형화장품의이해_표준형.md,1347,EXACT,1347,0,,정상
과목4,259,4과목_맞춤형화장품의이해_표준형.md,1379,SHORT_RAT,1379,,근거 짧음,정상(짧은근거/계산)
과목4,260,4과목_맞춤형화장품의이해_표준형.md,1379,SHORT_RAT,1379,,근거 짧음,정상(짧은근거/계산)
과목4,261,4과목_맞춤형화장품의이해_표준형.md,1392,EXACT,1392,0,,정상
과목4,262,4과목_맞춤형화장품의이해_표준형.md,1394,EXACT,1394,0,,정상
과목4,263,4과목_맞춤형화장품의이해_표준형.md,1354,EXACT,1354,0,,정상
과목4,264,4과목_맞춤형화장품의이해_표준형.md,1361,EXACT,1361,0,,정상
과목4,265,4과목_맞춤형화장품의이해_표준형.md,1364,EXACT,1364,0,,정상
과목4,266,4과목_맞춤형화장품의이해_표준형.md,1370,EXACT,1370,0,,정상
과목4,267,4과목_맞춤형화장품의이해_표준형.md,1372,EXACT,1372,0,,정상
과목4,268,4과목_맞춤형화장품의이해_표준형.md,1376,EXACT,1376,0,,정상
과목4,269,4과목_맞춤형화장품의이해_표준형.md,1377,EXACT,1377,0,,정상
과목4,270,4과목_맞춤형화장품의이해_표준형.md,1393,EXACT,1393,0,,정상
과목4,271,4과목_맞춤형화장품의이해_표준형.md,1401,EXACT,1401,0,,정상
과목4,272,4과목_맞춤형화장품의이해_표준형.md,1415,EXACT,1415,0,,정상
과목4,273,4과목_맞춤형화장품의이해_표준형.md,597,EXACT,597,0,,정상
과목4,274,4과목_맞춤형화장품의이해_표준형.md,1182,EXACT,1182,0,,정상
과목4,275,4과목_맞춤형화장품의이해_표준형.md,1200,EXACT,1200,0,,정상
과목4,276,4과목_맞춤형화장품의이해_표준형.md,1605,EXACT,1605,0,,정상
과목4,277,4과목_맞춤형화장품의이해_표준형.md,1243,SHORT_RAT,1243,,근거 짧음,정상(짧은근거/계산)
과목4,278,4과목_맞춤형화장품의이해_표준형.md,1396,EXACT,1396,0,,정상
과목4,279,4과목_맞춤형화장품의이해_표준형.md,1388,NOTFOUND_재작성,1388,,원문 미발견(요약형) ,참고(요약형근거)
과목4,280,CGMP_별표2_실시상황평가표.md,579,NOTFOUND_재작성,579,,원문 미발견(요약형) ,참고(요약형근거)
과목4,281,4과목_맞춤형화장품의이해_표준형.md,3185,EXACT,3185,0,,정상
과목4,282,4과목_맞춤형화장품의이해_표준형.md,1451,EXACT,1451,0,,정상
과목4,283,4과목_맞춤형화장품의이해_표준형.md,1184,EXACT,1184,0,,정상
과목4,284,4과목_맞춤형화장품의이해_표준형.md,1220,EXACT,1220,0,,정상
과목4,285,4과목_맞춤형화장품의이해_표준형.md,1234,EXACT,1234,0,,정상
과목4,286,4과목_맞춤형화장품의이해_표준형.md,1392,EXACT,1392,0,,정상
과목4,287,4과목_맞춤형화장품의이해_표준형.md,3509,EXACT,3509,0,,정상
과목4,288,4과목_맞춤형화장품의이해_표준형.md,4155,EXACT,4155,0,,정상
과목4,289,4과목_맞춤형화장품의이해_표준형.md,1442,EXACT,1442,0,,정상
과목4,290,4과목_맞춤형화장품의이해_표준형.md,564,EXACT,564,0,,정상
과목4,291,4과목_맞춤형화장품의이해_표준형.md,1740,EXACT,1740,0,,정상
과목4,292,4과목_맞춤형화장품의이해_표준형.md,2557,EXACT,2557,0,,정상
과목4,293,4과목_맞춤형화장품의이해_표준형.md,1680,EXACT,1680,0,,정상
과목4,294,4과목_맞춤형화장품의이해_표준형.md,3719,EXACT,3719,0,,정상
과목4,295,4과목_맞춤형화장품의이해_표준형.md,3242,EXACT,3242,0,,정상
과목4,296,4과목_맞춤형화장품의이해_표준형.md,2758,EXACT,2758,0,,정상
과목4,297,4과목_맞춤형화장품의이해_표준형.md,2415,EXACT,2415,0,,정상
과목4,298,4과목_맞춤형화장품의이해_표준형.md,611,EXACT,611,0,,정상
과목4,299,4과목_맞춤형화장품의이해_표준형.md,1146,EXACT,1146,0,,정상
과목4,300,4과목_맞춤형화장품의이해_표준형.md,1686,EXACT,1686,0,,정상
과목4,301,4과목_맞춤형화장품의이해_표준형.md,1200,EXACT,1200,0,,정상
과목4,302,4과목_맞춤형화장품의이해_표준형.md,1642,EXACT,1642,0,,정상
과목4,303,4과목_맞춤형화장품의이해_표준형.md,2956,EXACT,2956,0,,정상
과목4,304,4과목_맞춤형화장품의이해_표준형.md,1698,EXACT,1698,0,,정상
과목4,305,4과목_맞춤형화장품의이해_표준형.md,1182,EXACT,1182,0,,정상
과목4,306,4과목_맞춤형화장품의이해_표준형.md,597,EXACT,597,0,,정상
과목4,307,4과목_맞춤형화장품의이해_표준형.md,2046,EXACT,2046,0,,정상
과목4,308,4과목_맞춤형화장품의이해_표준형.md,633,EXACT,633,0,,정상
과목4,309,4과목_맞춤형화장품의이해_표준형.md,1681,EXACT,1681,0,,정상
과목4,310,4과목_맞춤형화장품의이해_표준형.md,1696,EXACT,1696,0,,정상
과목4,311,4과목_맞춤형화장품의이해_표준형.md,2822,EXACT,2822,0,,정상
과목4,312,4과목_맞춤형화장품의이해_표준형.md,3254,EXACT,3254,0,,정상
과목4,313,4과목_맞춤형화장품의이해_표준형.md,1184,EXACT,1184,0,,정상
과목4,314,4과목_맞춤형화장품의이해_표준형.md,1345,EXACT,1345,0,,정상
과목4,315,4과목_맞춤형화장품의이해_표준형.md,2822,EXACT,2822,0,,정상
과목4,316,4과목_맞춤형화장품의이해_표준형.md,889,EXACT,889,0,,정상
과목4,317,4과목_맞춤형화장품의이해_표준형.md,3242,EXACT,3242,0,,정상
과목4,318,4과목_맞춤형화장품의이해_표준형.md,2070,EXACT,2070,0,,정상
과목4,319,4과목_맞춤형화장품의이해_표준형.md,1145,EXACT,1145,0,,정상
과목4,320,4과목_맞춤형화장품의이해_표준형.md,1357,EXACT,1357,0,,정상
과목4,321,4과목_맞춤형화장품의이해_표준형.md,2822,EXACT,2822,0,,정상
과목4,322,4과목_맞춤형화장품의이해_표준형.md,2538,EXACT,2538,0,,정상
과목4,323,4과목_맞춤형화장품의이해_표준형.md,1689,EXACT,1689,0,,정상
과목4,324,4과목_맞춤형화장품의이해_표준형.md,1345,EXACT,1345,0,,정상
과목4,325,4과목_맞춤형화장품의이해_표준형.md,2822,EXACT,2822,0,,정상
과목4,326,4과목_맞춤형화장품의이해_표준형.md,2758,EXACT,2758,0,,정상
과목4,327,4과목_맞춤형화장품의이해_표준형.md,2957,EXACT,2957,0,,정상
과목4,328,4과목_맞춤형화장품의이해_표준형.md,2371,EXACT,2371,0,,정상
과목4,329,4과목_맞춤형화장품의이해_표준형.md,1137,EXACT,1137,0,,정상
과목4,330,4과목_맞춤형화장품의이해_표준형.md,1698,EXACT,1698,0,,정상
과목4,331,4과목_맞춤형화장품의이해_표준형.md,2956,EXACT,2956,0,,정상
과목4,332,4과목_맞춤형화장품의이해_표준형.md,1436,EXACT,1436,0,,정상
과목4,333,4과목_맞춤형화장품의이해_표준형.md,1148,EXACT,1148,0,,정상
과목4,334,4과목_맞춤형화장품의이해_표준형.md,909,EXACT,909,0,,정상
과목4,335,4과목_맞춤형화장품의이해_표준형.md,1184,EXACT,1184,0,,정상
과목4,336,기능성화장품 심사에 관한 규정(식품의약품안전처고시)(제2025-88호)(20251216).md,225,WRONGLINE_같은파일,221,-4,올바른 줄=L221 ,경미(헤더offset)
과목4,337,4과목_맞춤형화장품의이해_표준형.md,2864,EXACT,2864,0,,정상
과목4,338,4과목_맞춤형화장품의이해_표준형.md,1218,EXACT,1218,0,,정상
과목4,339,4과목_맞춤형화장품의이해_표준형.md,1680,EXACT,1680,0,,정상
과목4,340,화장품 안전기준 등에 관한 규정(식품의약품안전처고시)(제2026-19호)(20260318).md,43,EXACT,43,0,,정상
과목4,341,4과목_맞춤형화장품의이해_표준형.md,725,EXACT,725,0,,정상
과목4,342,4과목_맞춤형화장품의이해_표준형.md,1546,EXACT,1546,0,,정상
과목4,343,4과목_맞춤형화장품의이해_표준형.md,2415,EXACT,2415,0,,정상
과목4,344,4과목_맞춤형화장품의이해_표준형.md,805,EXACT,805,0,,정상
과목4,345,4과목_맞춤형화장품의이해_표준형.md,3835,EXACT,3835,0,,정상
과목4,346,4과목_맞춤형화장품의이해_표준형.md,1698,EXACT,1698,0,,정상
과목4,347,4과목_맞춤형화장품의이해_표준형.md,711,EXACT,711,0,,정상
과목4,348,4과목_맞춤형화장품의이해_표준형.md,1547,EXACT,1547,0,,정상
과목4,349,4과목_맞춤형화장품의이해_표준형.md,1220,EXACT,1220,0,,정상
과목4,350,4과목_맞춤형화장품의이해_표준형.md,2952,EXACT,2952,0,,정상
과목4,351,4과목_맞춤형화장품의이해_표준형.md,1689,EXACT,1689,0,,정상
과목4,352,4과목_맞춤형화장품의이해_표준형.md,1683,EXACT,1683,0,,정상
과목4,353,4과목_맞춤형화장품의이해_표준형.md,830,EXACT,830,0,,정상
과목4,354,4과목_맞춤형화장품의이해_표준형.md,1153,EXACT,1153,0,,정상
과목4,355,안전기준_별표2_사용제한원료.md,1018,WRONGFILE_다른파일,4150,,실제: 4과목_맞춤형화장품의이해_표준형.md L4150 ,교정필요(파일오류)
과목4,356,4과목_맞춤형화장품의이해_표준형.md,2557,EXACT,2557,0,,정상
과목4,357,화장품법 시행규칙(총리령)(제02109호)(20260402).md,2963,EXACT,2963,0,,정상
과목4,358,4과목_맞춤형화장품의이해_표준형.md,1355,EXACT,1355,0,,정상
과목4,359,4과목_맞춤형화장품의이해_표준형.md,2655,EXACT,2655,0,,정상
과목4,360,4과목_맞춤형화장품의이해_표준형.md,2952,EXACT,2952,0,,정상
과목4,361,4과목_맞춤형화장품의이해_표준형.md,1149,EXACT,1149,0,,정상
과목4,362,4과목_맞춤형화장품의이해_표준형.md,1451,EXACT,1451,0,,정상
과목4,363,화장품법(법률)(제20901호)(20260402).md,349,EXACT,349,0,,정상
과목4,364,4과목_맞춤형화장품의이해_표준형.md,2425,EXACT,2425,0,,정상
과목4,365,4과목_맞춤형화장품의이해_표준형.md,72,EXACT,72,0,,정상
과목4,366,4과목_맞춤형화장품의이해_표준형.md,1208,EXACT,1208,0,,정상
과목4,367,4과목_맞춤형화장품의이해_표준형.md,1698,EXACT,1698,0,,정상
과목4,368,4과목_맞춤형화장품의이해_표준형.md,2864,EXACT,2864,0,,정상
과목4,369,4과목_맞춤형화장품의이해_표준형.md,633,EXACT,633,0,,정상
과목4,370,4과목_맞춤형화장품의이해_표준형.md,2956,EXACT,2956,0,,정상
과목4,371,4과목_맞춤형화장품의이해_표준형.md,2956,EXACT,2956,0,,정상
과목4,372,4과목_맞춤형화장품의이해_표준형.md,71,EXACT,71,0,,정상
과목4,373,4과목_맞춤형화장품의이해_표준형.md,3242,EXACT,3242,0,,정상
과목4,374,4과목_맞춤형화장품의이해_표준형.md,1184,EXACT,1184,0,,정상
과목4,375,4과목_맞춤형화장품의이해_표준형.md,1683,EXACT,1683,0,,정상
과목4,376,4과목_맞춤형화장품의이해_표준형.md,1451,EXACT,1451,0,,정상
과목4,377,4과목_맞춤형화장품의이해_표준형.md,2643,EXACT,2643,0,,정상
과목4,378,4과목_맞춤형화장품의이해_표준형.md,1165,EXACT,1165,0,,정상
과목4,379,화장품법(법률)(제20901호)(20260402).md,449,EXACT,449,0,,정상
과목4,380,4과목_맞춤형화장품의이해_표준형.md,1466,EXACT,1466,0,,정상
과목4,381,4과목_맞춤형화장품의이해_표준형.md,725,EXACT,725,0,,정상
과목4,382,화장품법(법률)(제20901호)(20260402).md,647,EXACT,647,0,,정상
과목4,383,4과목_맞춤형화장품의이해_표준형.md,1546,EXACT,1546,0,,정상
과목4,384,4과목_맞춤형화장품의이해_표준형.md,856,EXACT,856,0,,정상
과목4,385,4과목_맞춤형화장품의이해_표준형.md,1145,EXACT,1145,0,,정상
과목4,386,4과목_맞춤형화장품의이해_표준형.md,926,EXACT,926,0,,정상
과목4,387,4과목_맞춤형화장품의이해_표준형.md,1350,EXACT,1350,0,,정상
과목4,388,화장품법 시행규칙(총리령)(제02109호)(20260402).md,545,EXACT,545,0,,정상
과목4,389,4과목_맞춤형화장품의이해_표준형.md,1200,EXACT,1200,0,,정상
과목4,390,4과목_맞춤형화장품의이해_표준형.md,4231,EXACT,4231,0,,정상
과목4,391,4과목_맞춤형화장품의이해_표준형.md,1117,EXACT,1117,0,,정상
과목4,392,화장품법(법률)(제20901호)(20260402).md,507,EXACT,507,0,,정상
과목4,393,4과목_맞춤형화장품의이해_표준형.md,1149,EXACT,1149,0,,정상
과목4,394,4과목_맞춤형화장품의이해_표준형.md,658,EXACT,658,0,,정상
과목4,395,4과목_맞춤형화장품의이해_표준형.md,1686,EXACT,1686,0,,정상
과목4,396,4과목_맞춤형화장품의이해_표준형.md,3325,EXACT,3325,0,,정상
과목4,397,4과목_맞춤형화장품의이해_표준형.md,1199,EXACT,1199,0,,정상
과목4,398,4과목_맞춤형화장품의이해_표준형.md,601,EXACT,601,0,,정상
과목4,399,4과목_맞춤형화장품의이해_표준형.md,55,EXACT,55,0,,정상
과목4,400,4과목_맞춤형화장품의이해_표준형.md,3666,NOTFOUND_재작성,3666,,원문 미발견(요약형) ,참고(요약형근거)
